D	Accession	Genomic location	Type	TSSÂ *Inside"( )": Distance from precursor	Cluster
 hsa-let-7a-1 	MI0000060	Chr9: 96938239 [+]	Intergenic	96928529(9710) 	Cluster 1... 
 hsa-let-7a-2 	MI0000061	Chr11: 122017301 [-]	Intergenic	122027766(10465) 	Cluster 2... 
 hsa-let-7a-3 	MI0000062	Chr22: 46508629 [+]	exon	defined by MIRLET7B TSS 	Cluster 3... 
 hsa-let-7b 	MI0000063	Chr22: 46509566 [+]	exon	defined by MIRLET7B TSS 	Cluster 3... 
 hsa-let-7c 	MI0000064	Chr21: 17912148 [+]	intron	defined by C21orf34 TSS 	Cluster 4... 
 hsa-let-7d 	MI0000065	Chr9: 96941116 [+]	Intergenic	96928529(12587) 	Cluster 1... 
 hsa-let-7e 	MI0000066	Chr19: 52196039 [+]	Intergenic	52192085(3954) 	Cluster 5... 
 hsa-let-7f-1 	MI0000067	Chr9: 96938629 [+]	Intergenic	96928529(10100) 	Cluster 1... 
 hsa-let-7f-2 	MI0000068	ChrX: 53584235 [-]	intron	defined by HUWE1 TSS 	Cluster 6... 
 hsa-let-7g 	MI0000433	Chr3: 52302377 [-]	intron	defined by WDR82 TSS 	
 hsa-let-7i 	MI0000434	Chr12: 62997466 [+]	Intergenic	62953847(43619) 	
 hsa-mir-1-1 	MI0000651	Chr20: 61151513 [+]	intron	defined by C20orf166 TSS 	Cluster 10... 
 hsa-mir-1-2 	MI0000437	Chr18: 19409049 [-]	Intergenic	19411367(2318) 	Cluster 13... 
 hsa-mir-100 	MI0000102	Chr11: 122023016 [-]	Intergenic	122027766(4750) 	Cluster 2... 
 hsa-mir-101-1 	MI0000103	Chr1: 65524191 [-]	Intergenic	65532194(8003) 	
 hsa-mir-101-2 	MI0000739	Chr9: 4850297 [+]	intron	defined by RCL1 TSS 	
 hsa-mir-103-1 	MI0000109	Chr5: 167987978 [-]	intron	defined by PANK3 TSS 	
 hsa-mir-103-1-as 	MI0007261	Chr5: 167987909 [+]	Intergenic	167956376(31533) 	
 hsa-mir-103-2 	MI0000108	Chr20: 3898141 [+]	intron	defined by PANK2 TSS 	
 hsa-mir-103-2-as 	MI0007262	Chr20: 3898210 [-]	Intergenic	3906693(8483) 	
 hsa-mir-105-1 	MI0000111	ChrX: 151560771 [-]	intron	defined by GABRA3 TSS 	Cluster 7... 
 hsa-mir-105-2 	MI0000112	ChrX: 151562964 [-]	intron	defined by GABRA3 TSS 	Cluster 7... 
 hsa-mir-106a 	MI0000113	ChrX: 133304308 [-]	Intergenic	133307920(3612) 	Cluster 8... 
 hsa-mir-106b 	MI0000734	Chr7: 99691697 [-]	intron	defined by MCM7 TSS 	Cluster 9... 
 hsa-mir-107 	MI0000114	Chr10: 91352584 [-]	intron	defined by PANK1 TSS 	
 hsa-mir-10a 	MI0000266	Chr17: 46657309 [-]	intron	defined by HOXB3,RP11-357H14.4 TSS 	
 hsa-mir-10b 	MI0000267	Chr2: 177015031 [+]	intron	defined by HOXD3 TSS 	
 hsa-mir-1178 	MI0006271	Chr12: 120151529 [-]	exon	defined by CIT TSS 	
 hsa-mir-1179 	MI0006272	Chr15: 89151338 [+]	Intergenic	N/A 	Cluster 11... 
 hsa-mir-1180 	MI0006273	Chr17: 19247887 [-]	intron	defined by B9D1 TSS 	
 hsa-mir-1181 	MI0006274	Chr19: 10514214 [-]	5UTR	defined by CDC37 TSS 	
 hsa-mir-1182 	MI0006275	Chr1: 231155670 [-]	3UTR,exon	defined by FAM89A TSS 	
 hsa-mir-1183 	MI0006276	Chr7: 21510676 [+]	intron	defined by SP4 TSS 	
 hsa-mir-1184-1 	MI0006277	ChrX: 154115733 [-]	intron	defined by F8,F8A1 TSS 	
 hsa-mir-1184-2 	MI0015971	ChrX: 154612847 [-]	Intergenic	154613085(238) 	
 hsa-mir-1184-3 	MI0015972	ChrX: 154687178 [+]	Intergenic	154687142(36) 	
 hsa-mir-1185-1 	MI0003844	Chr14: 101509314 [+]	Intergenic	101504783(4531) 	Cluster 12... 
 hsa-mir-1185-2 	MI0003821	Chr14: 101510535 [+]	Intergenic	101491439(19096) 	Cluster 12... 
 hsa-mir-1193 	MI0014205	Chr14: 101496389 [+]	Intergenic	101457982(38407) 	Cluster 12... 
 hsa-mir-1197 	MI0006656	Chr14: 101491901 [+]	Intergenic	101457982(33919) 	Cluster 12... 
 hsa-mir-1200 	MI0006332	Chr7: 36959037 [-]	intron	defined by ELMO1 TSS 	
 hsa-mir-1201 	MI0006333	Chr14: 20794690 [-]	intron	defined by CCNB1IP1 TSS 	
 hsa-mir-1202 	MI0006334	Chr6: 156267931 [+]	Intergenic	N/A 	
 hsa-mir-1203 	MI0006335	Chr17: 46233873 [-]	intron	defined by SKAP1 TSS 	
 hsa-mir-1204 	MI0006337	Chr8: 128808208 [+]	Intergenic	128808059(149) 	
 hsa-mir-1205 	MI0006338	Chr8: 128972879 [+]	Intergenic	128952830(20049) 	Cluster 14... 
 hsa-mir-1206 	MI0006339	Chr8: 129021144 [+]	Intergenic	129005756(15388) 	Cluster 14... 
 hsa-mir-1207 	MI0006340	Chr8: 129061398 [+]	Intergenic	129012369(49029) 	Cluster 14... 
 hsa-mir-1208 	MI0006341	Chr8: 129162362 [+]	Intergenic	129121412(40950) 	
 hsa-mir-122 	MI0000442	Chr18: 56118306 [+]	Intergenic	56113494(4812) 	
 hsa-mir-1224 	MI0003764	Chr3: 183959193 [+]	intron	defined by EIF2B5,VWA5B2 TSS 	
 hsa-mir-1225 	MI0006311	Chr16: 2140285 [-]	intron	defined by PKD1 TSS 	
 hsa-mir-1226 	MI0006313	Chr3: 47891045 [+]	intron	defined by DHX30 TSS 	
 hsa-mir-1227 	MI0006316	Chr19: 2234148 [-]	intron	defined by AC004490.2,PLEKHJ1 TSS 	
 hsa-mir-1228 	MI0006318	Chr12: 57588287 [+]	intron	defined by AC137834.1 TSS 	
 hsa-mir-1229 	MI0006319	Chr5: 179225346 [-]	intron	defined by MGAT4B TSS 	
 hsa-mir-1231 	MI0006321	Chr1: 201777739 [+]	intron	defined by NAV1,RP11-90L20.1 TSS 	
 hsa-mir-1233-1 	MI0006323	Chr15: 34674351 [-]	intron	defined by GOLGA8A TSS 	
 hsa-mir-1233-2 	MI0015973	Chr15: 34820572 [-]	intron	defined by GOLGA8B TSS 	
 hsa-mir-1234 	MI0006324	Chr8: 145625559 [-]	intron	defined by CPSF1 TSS 	Cluster 15... 
 hsa-mir-1236 	MI0006326	Chr6: 31924717 [-]	intron,exon	defined by RDBP TSS 	
 hsa-mir-1237 	MI0006327	Chr11: 64136074 [+]	intron	defined by RPS6KA4 TSS 	
 hsa-mir-1238 	MI0006328	Chr19: 10662798 [+]	intron	defined by ATG4D TSS 	
 hsa-mir-124-1 	MI0000443	Chr8: 9760982 [-]	Intergenic	9776596(15614) 	
 hsa-mir-124-2 	MI0000444	Chr8: 65291706 [+]	Intergenic	65285788(5918) 	
 hsa-mir-124-3 	MI0000445	Chr20: 61809852 [+]	Intergenic	61808955(897) 	
 hsa-mir-1243 	MI0006373	Chr4: 114028019 [+]	intron	defined by ANK2 TSS 	
 hsa-mir-1244-1 	MI0006379	Chr2: 232578024 [+]	exon	defined by PTMA TSS 	
 hsa-mir-1244-2 	MI0015974	Chr5: 118310281 [+]	Intergenic	118310172(109) 	
 hsa-mir-1244-3 	MI0015975	Chr12: 9392147 [-]	Intergenic	9392257(110) 	
 hsa-mir-1245 	MI0006380	Chr2: 189842818 [+]	intron	defined by COL3A1 TSS 	
 hsa-mir-1246 	MI0006381	Chr2: 177465780 [-]	Intergenic	177491575(25795) 	
 hsa-mir-1247 	MI0006382	Chr14: 102026759 [-]	Intergenic	102026846(87) 	
 hsa-mir-1248 	MI0006383	Chr3: 186504461 [+]	intron,exon	defined by EIF4A2 TSS 	
 hsa-mir-1249 	MI0006384	Chr22: 45596900 [-]	intron	defined by C22orf9 TSS 	
 hsa-mir-1250 	MI0006385	Chr17: 79107108 [-]	intron	defined by AATK TSS 	Cluster 16... 
 hsa-mir-1251 	MI0006386	Chr12: 97885687 [+]	Intergenic	97856581(29106) 	
 hsa-mir-1252 	MI0006434	Chr12: 79813037 [+]	intron	defined by SYT1 TSS 	
 hsa-mir-1253 	MI0006387	Chr17: 2651476 [-]	Intergenic	2688646(37170) 	
 hsa-mir-1254 	MI0006388	Chr10: 70519075 [+]	intron	defined by CCAR1 TSS 	
 hsa-mir-1255a 	MI0006389	Chr4: 102251571 [-]	intron	defined by PPP3CA TSS 	
 hsa-mir-1255b-1 	MI0006435	Chr4: 36428050 [-]	Intergenic	N/A 	
 hsa-mir-1255b-2 	MI0006436	Chr1: 167967898 [+]	intron	defined by IQWD1 TSS 	
 hsa-mir-1256 	MI0006390	Chr1: 21314925 [-]	intron	defined by EIF4G3 TSS 	
 hsa-mir-1257 	MI0006391	Chr20: 60528718 [-]	exon	defined by TAF4 TSS 	
 hsa-mir-1258 	MI0006392	Chr2: 180725635 [-]	intron	defined by ZNF385B TSS 	
 hsa-mir-1259 	MI0006393	Chr20: 47896847 [+]	intron	defined by C20orf199 TSS 	
 hsa-mir-125a 	MI0000469	Chr19: 52196507 [+]	Intergenic	52192085(4422) 	Cluster 5... 
 hsa-mir-125b-1 	MI0000446	Chr11: 121970552 [-]	Intergenic	121971156(604) 	Cluster 2... 
 hsa-mir-125b-2 	MI0000470	Chr21: 17962557 [+]	intron	defined by C21orf34 TSS 	
 hsa-mir-126 	MI0000471	Chr9: 139565054 [+]	intron	defined by EGFL7 TSS 	
 hsa-mir-1260 	MI0006394	Chr14: 77732561 [+]	Intergenic	N/A 	
 hsa-mir-1260b 	MI0014197	Chr11: 96074602 [+]	Intergenic	N/A 	
 hsa-mir-1261 	MI0006396	Chr11: 90602370 [-]	Intergenic	N/A 	
 hsa-mir-1262 	MI0006397	Chr1: 68649293 [-]	intron	defined by GPR177,RP11-518D3.2 TSS 	
 hsa-mir-1263 	MI0006398	Chr3: 163889344 [-]	Intergenic	163938392(49048) 	
 hsa-mir-1264 	MI0003758	ChrX: 113887130 [+]	intron	defined by HTR2C TSS 	Cluster 17... 
 hsa-mir-1265 	MI0006401	Chr10: 14478575 [+]	Intergenic	14447281(31294) 	
 hsa-mir-1266 	MI0006403	Chr15: 52569397 [-]	intron	defined by MYO5C TSS 	
 hsa-mir-1267 	MI0006404	Chr13: 108183596 [-]	intron	defined by FAM155A TSS 	
 hsa-mir-1268 	MI0006405	Chr15: 22513280 [-]	Intergenic	22546764(33484) 	
 hsa-mir-1269 	MI0006406	Chr4: 67142542 [+]	Intergenic	N/A 	
 hsa-mir-127 	MI0000472	Chr14: 101349316 [+]	Intergenic	101315982(33334) 	Cluster 18... 
 hsa-mir-1270-1 	MI0006407	Chr19: 20510163 [-]	intron	defined by AC078899.1 TSS 	
 hsa-mir-1270-2 	MI0015976	Chr19: 20579322 [-]	intron	defined by AC078899.1 TSS 	
 hsa-mir-1271 	MI0003814	Chr5: 175794949 [+]	intron	defined by ARL10 TSS 	
 hsa-mir-1272 	MI0006408	Chr15: 65054714 [-]	intron	defined by RBPMS2 TSS 	
 hsa-mir-1273 	MI0006409	Chr8: 101036312 [-]	intron	defined by RGS22 TSS 	
 hsa-mir-1273c 	MI0014171	Chr6: 155174494 [+]	intron	defined by RBM16 TSS 	
 hsa-mir-1273d 	MI0014254	Chr1: 10287776 [+]	intron	defined by KIF1B TSS 	
 hsa-mir-1274a 	MI0006410	Chr5: 41475734 [+]	Intergenic	41426171(49563) 	
 hsa-mir-1274b 	MI0006427	Chr19: 58024441 [-]	Intergenic	58039164(14723) 	
 hsa-mir-1275 	MI0006415	Chr6: 33967828 [-]	Intergenic	34017440(49612) 	
 hsa-mir-1276 	MI0006416	Chr15: 86313809 [-]	intron	defined by KLHL25 TSS 	
 hsa-mir-1277 	MI0006419	ChrX: 117520357 [+]	intron	defined by WDR44 TSS 	
 hsa-mir-1278 	MI0006425	Chr1: 193105633 [+]	intron	defined by CDC73 TSS 	
 hsa-mir-1279 	MI0006426	Chr12: 69666998 [-]	Intergenic	69678016(11018) 	
 hsa-mir-128-1 	MI0000447	Chr2: 136422967 [+]	intron	defined by R3HDM1 TSS 	
 hsa-mir-128-2 	MI0000727	Chr3: 35785968 [+]	intron	defined by ARPP-21 TSS 	
 hsa-mir-1280 	MI0006437	Chr3: 128081008 [+]	intron	defined by EEFSEC TSS 	
 hsa-mir-1281 	MI0006428	Chr22: 41488517 [+]	3UTR	defined by EP300 TSS 	
 hsa-mir-1282 	MI0006429	Chr15: 44085957 [-]	intron	defined by SERF2,SERINC4 TSS 	
 hsa-mir-1283-1 	MI0003832	Chr19: 54191735 [+]	Intergenic	54172186(19549) 	Cluster 19... 
 hsa-mir-1283-2 	MI0006430	Chr19: 54261486 [+]	Intergenic	N/A 	Cluster 19... 
 hsa-mir-1284 	MI0006431	Chr3: 71591240 [-]	intron	defined by FOXP1 TSS 	
 hsa-mir-1285-1 	MI0006346	Chr7: 91833412 [-]	intron	defined by AC000120.1,KRIT1 TSS 	
 hsa-mir-1285-2 	MI0006347	Chr2: 70480137 [-]	Intergenic	70529245(49108) 	
 hsa-mir-1286 	MI0006348	Chr22: 20236734 [-]	intron	defined by RTN4R TSS 	
 hsa-mir-1287 	MI0006349	Chr10: 100155064 [-]	exon	defined by PYROXD2 TSS 	
 hsa-mir-1288 	MI0006432	Chr17: 16185328 [+]	intron	defined by PIGL TSS 	
 hsa-mir-1289-1 	MI0006350	Chr20: 34041919 [-]	intron	defined by GDF5 TSS 	
 hsa-mir-1289-2 	MI0006351	Chr5: 132763398 [-]	intron	defined by FSTL4 TSS 	
 hsa-mir-129-1 	MI0000252	Chr7: 127847925 [+]	Intergenic	127846868(1057) 	
 hsa-mir-129-2 	MI0000473	Chr11: 43602944 [+]	Intergenic	43600647(2297) 	
 hsa-mir-1290 	MI0006352	Chr1: 19223642 [-]	intron	defined by ALDH4A1 TSS 	
 hsa-mir-1291 	MI0006353	Chr12: 49048313 [-]	intron	defined by C12orf41 TSS 	
 hsa-mir-1292 	MI0006433	Chr20: 2633423 [+]	intron,exon	defined by AL133345.1,NOP56 TSS 	
 hsa-mir-1293 	MI0006355	Chr12: 50627995 [-]	intron	defined by LIMA1 TSS 	
 hsa-mir-1294 	MI0006356	Chr5: 153726666 [+]	intron	defined by GALNT10 TSS 	
 hsa-mir-1295 	MI0006357	Chr1: 171070947 [-]	Intergenic	N/A 	
 hsa-mir-1296 	MI0003780	Chr10: 65132808 [-]	intron	defined by JMJD1C TSS 	
 hsa-mir-1297 	MI0006358	Chr13: 54886183 [-]	Intergenic	N/A 	
 hsa-mir-1298 	MI0003938	ChrX: 113949650 [+]	intron	defined by HTR2C TSS 	Cluster 17... 
 hsa-mir-1299 	MI0006359	Chr9: 69002321 [-]	Intergenic	69032078(29757) 	
 hsa-mir-1301 	MI0003815	Chr2: 25551590 [-]	intron	defined by DNMT3A TSS 	
 hsa-mir-1302-1 	MI0006362	Chr12: 113132981 [-]	Intergenic	113136628(3647) 	
 hsa-mir-1302-10 	MI0015979	Chr15: 102500799 [-]	Intergenic	102520430(19631) 	
 hsa-mir-1302-11 	MI0015980	Chr19: 71973 [+]	Intergenic	N/A 	
 hsa-mir-1302-2 	MI0006363	Chr1: 30366 [+]	intron,exon	defined by RP11-34P13.3 TSS 	
 hsa-mir-1302-3 	MI0006364	Chr2: 114340673 [-]	Intergenic	114361245(20572) 	
 hsa-mir-1302-4 	MI0006365	Chr2: 208134148 [-]	intron	defined by AC007879.1,AC007879.3 TSS 	
 hsa-mir-1302-5 	MI0006366	Chr20: 49231322 [-]	intron	defined by C20orf175 TSS 	
 hsa-mir-1302-6 	MI0006367	Chr7: 18166932 [-]	Intergenic	18173133(6201) 	
 hsa-mir-1302-7 	MI0006368	Chr8: 142867674 [-]	Intergenic	N/A 	
 hsa-mir-1302-8 	MI0006369	Chr9: 100125963 [-]	Intergenic	100174452(48489) 	
 hsa-mir-1302-9 	MI0015978	Chr9: 30144 [+]	exon	defined by XXyac-YRM2039.2 TSS 	
 hsa-mir-1303 	MI0006370	Chr5: 154065336 [+]	Intergenic	154062545(2791) 	
 hsa-mir-1304 	MI0006371	Chr11: 93466930 [-]	intron	defined by TAF1D TSS 	
 hsa-mir-1305 	MI0006372	Chr4: 183090446 [+]	Intergenic	183065816(24630) 	
 hsa-mir-1306 	MI0006443	Chr22: 20073581 [+]	3UTR,exon	defined by DGCR8 TSS 	
 hsa-mir-1307 	MI0006444	Chr10: 105154158 [-]	intron,5UTR	defined by USMG5 TSS 	
 hsa-mir-1308 	MI0006441	ChrX: 22080312 [-]	Intergenic	N/A 	
 hsa-mir-130a 	MI0000448	Chr11: 57408671 [+]	Intergenic	57405960(2711) 	
 hsa-mir-130b 	MI0000748	Chr22: 22007593 [+]	exon	defined by PPIL2,TOP3B TSS 	Cluster 20... 
 hsa-mir-132 	MI0000449	Chr17: 1953302 [-]	Intergenic	1960152(6850) 	Cluster 21... 
 hsa-mir-1321 	MI0006652	ChrX: 85090785 [+]	Intergenic	N/A 	
 hsa-mir-1322 	MI0006653	Chr8: 10682953 [-]	intron	defined by SOX7 TSS 	
 hsa-mir-1323 	MI0003786	Chr19: 54175222 [+]	Intergenic	54172186(3036) 	Cluster 19... 
 hsa-mir-1324 	MI0006657	Chr3: 75679914 [+]	Intergenic	75639730(40184) 	
 hsa-mir-133a-1 	MI0000450	Chr18: 19405746 [-]	Intergenic	19411367(5621) 	Cluster 13... 
 hsa-mir-133a-2 	MI0000451	Chr20: 61162119 [+]	intron,3UTR	defined by C20orf166 TSS 	Cluster 10... 
 hsa-mir-133b 	MI0000822	Chr6: 52013721 [+]	Intergenic	52001071(12650) 	Cluster 22... 
 hsa-mir-134 	MI0000474	Chr14: 101521024 [+]	Intergenic	101491439(29585) 	Cluster 12... 
 hsa-mir-135a-1 	MI0000452	Chr3: 52328324 [-]	intron	defined by GLYCTK,RP11-168J18.1 TSS 	
 hsa-mir-135a-2 	MI0000453	Chr12: 97957590 [+]	Intergenic	97924786(32804) 	
 hsa-mir-135b 	MI0000810	Chr1: 205417526 [-]	intron	defined by LEMD1 TSS 	
 hsa-mir-136 	MI0000475	Chr14: 101351039 [+]	Intergenic	101316112(34927) 	Cluster 18... 
 hsa-mir-137 	MI0000454	Chr1: 98511727 [-]	exon	defined by MIR137 TSS 	
 hsa-mir-138-1 	MI0000476	Chr3: 44155704 [+]	Intergenic	N/A 	
 hsa-mir-138-2 	MI0000455	Chr16: 56892430 [+]	Intergenic	56882708(9722) 	
 hsa-mir-139 	MI0000261	Chr11: 72326174 [-]	intron	defined by PDE2A TSS 	
 hsa-mir-140 	MI0000456	Chr16: 69966984 [+]	intron	defined by WWP2 TSS 	
 hsa-mir-141 	MI0000457	Chr12: 7073260 [+]	Intergenic	7036976(36284) 	Cluster 23... 
 hsa-mir-142 	MI0000458	Chr17: 56408679 [-]	Intergenic	56409879(1200) 	
 hsa-mir-143 	MI0000459	Chr5: 148808481 [+]	Intergenic	148786413(22068) 	Cluster 24... 
 hsa-mir-144 	MI0000460	Chr17: 27188636 [-]	Intergenic	27224433(35797) 	Cluster 25... 
 hsa-mir-145 	MI0000461	Chr5: 148810209 [+]	Intergenic	148786413(23796) 	Cluster 24... 
 hsa-mir-1468 	MI0003782	ChrX: 63005967 [-]	Intergenic	N/A 	
 hsa-mir-1469 	MI0007074	Chr15: 96876490 [+]	intron	defined by NR2F2 TSS 	
 hsa-mir-146a 	MI0000477	Chr5: 159912359 [+]	Intergenic	159895244(17115) 	Cluster 26... 
 hsa-mir-146b 	MI0003129	Chr10: 104196269 [+]	Intergenic	104179511(16758) 	
 hsa-mir-147 	MI0000262	Chr9: 123007328 [-]	Intergenic	123019092(11764) 	
 hsa-mir-1470 	MI0007075	Chr19: 15560359 [+]	Intergenic	15511768(48591) 	
 hsa-mir-1471 	MI0007076	Chr2: 232757008 [-]	Intergenic	232768613(11605) 	
 hsa-mir-147b 	MI0005544	Chr15: 45725248 [+]	intron,exon	defined by C15orf48,SPATA5L1 TSS 	
 hsa-mir-148a 	MI0000253	Chr7: 25989606 [-]	Intergenic	25990703(1097) 	
 hsa-mir-148b 	MI0000811	Chr12: 54731000 [+]	intron	defined by COPZ1 TSS 	
 hsa-mir-149 	MI0000478	Chr2: 241395418 [+]	intron	defined by AC110619.1,GPC1 TSS 	
 hsa-mir-150 	MI0000479	Chr19: 50004125 [-]	Intergenic	50040336(36211) 	
 hsa-mir-151 	MI0000809	Chr8: 141742752 [-]	intron	defined by PTK2 TSS 	
 hsa-mir-152 	MI0000462	Chr17: 46114613 [-]	intron	defined by COPZ2 TSS 	
 hsa-mir-153-1 	MI0000463	Chr2: 220158922 [-]	intron	defined by PTPRN TSS 	
 hsa-mir-153-2 	MI0000464	Chr7: 157367114 [-]	intron	defined by PTPRN2 TSS 	
 hsa-mir-1537 	MI0007258	Chr1: 236016360 [-]	intron	defined by LYST TSS 	
 hsa-mir-1538 	MI0007259	Chr16: 69599771 [-]	Intergenic	69599908(137) 	
 hsa-mir-1539 	MI0007260	Chr18: 47013743 [+]	Intergenic	47013372(371) 	
 hsa-mir-154 	MI0000480	Chr14: 101526092 [+]	Intergenic	101504783(21309) 	Cluster 12... 
 hsa-mir-155 	MI0000681	Chr21: 26946292 [+]	exon	defined by MIRHG2 TSS 	
 hsa-mir-15a 	MI0000069	Chr13: 50623337 [-]	intron,exon	defined by DLEU2 TSS 	Cluster 27... 
 hsa-mir-15b 	MI0000438	Chr3: 160122376 [+]	intron	defined by IFT80,SMC4 TSS 	Cluster 28... 
 hsa-mir-16-1 	MI0000070	Chr13: 50623197 [-]	intron	defined by DLEU2 TSS 	Cluster 27... 
 hsa-mir-16-2 	MI0000115	Chr3: 160122533 [+]	intron	defined by IFT80,SMC4 TSS 	Cluster 28... 
 hsa-mir-17 	MI0000071	Chr13: 92002859 [+]	intron,exon	defined by MIRHG1 TSS 	Cluster 29... 
 hsa-mir-181a-1 	MI0000289	Chr1: 198828282 [-]	intron	defined by RP11-31E23.1 TSS 	Cluster 30... 
 hsa-mir-181a-2 	MI0000269	Chr9: 127454721 [+]	intron	defined by MIR181A2HG,NR6A1 TSS 	Cluster 31... 
 hsa-mir-181b-1 	MI0000270	Chr1: 198828111 [-]	intron	defined by RP11-31E23.1 TSS 	Cluster 30... 
 hsa-mir-181b-2 	MI0000683	Chr9: 127455989 [+]	intron	defined by MIR181A2HG,NR6A1 TSS 	Cluster 31... 
 hsa-mir-181c 	MI0000271	Chr19: 13985513 [+]	Intergenic	13976434(9079) 	Cluster 32... 
 hsa-mir-181d 	MI0003139	Chr19: 13985689 [+]	Intergenic	13976434(9255) 	Cluster 32... 
 hsa-mir-182 	MI0000272	Chr7: 129410332 [-]	Intergenic	129420061(9729) 	Cluster 33... 
 hsa-mir-1825 	MI0008193	Chr20: 30825598 [+]	exon	defined by POFUT1 TSS 	
 hsa-mir-1826 	MI0008194	Chr16: 33965508 [+]	Intergenic	33964445(1063) 	
 hsa-mir-1827 	MI0008195	Chr12: 100583662 [+]	Intergenic	100562871(20791) 	
 hsa-mir-183 	MI0000273	Chr7: 129414854 [-]	Intergenic	129420061(5207) 	Cluster 33... 
 hsa-mir-184 	MI0000481	Chr15: 79502130 [+]	Intergenic	79463212(38918) 	
 hsa-mir-185 	MI0000482	Chr22: 20020662 [+]	intron	defined by C22orf25 TSS 	
 hsa-mir-186 	MI0000483	Chr1: 71533399 [-]	intron	defined by ZRANB2 TSS 	
 hsa-mir-187 	MI0000274	Chr18: 33484889 [-]	Intergenic	N/A 	
 hsa-mir-188 	MI0000484	ChrX: 49768109 [+]	intron	defined by CLCN5 TSS 	Cluster 34... 
 hsa-mir-18a 	MI0000072	Chr13: 92003005 [+]	intron,exon	defined by MIR18A,MIRHG1 TSS 	Cluster 29... 
 hsa-mir-18b 	MI0001518	ChrX: 133304141 [-]	Intergenic	133307920(3779) 	Cluster 8... 
 hsa-mir-190 	MI0000486	Chr15: 63116156 [+]	intron	defined by TLN2 TSS 	
 hsa-mir-1908 	MI0008329	Chr11: 61582712 [-]	intron	defined by FADS1 TSS 	
 hsa-mir-1909 	MI0008330	Chr19: 1816237 [-]	intron,exon	defined by REXO1 TSS 	
 hsa-mir-190b 	MI0005545	Chr1: 154166219 [-]	Intergenic	154209596(43377) 	
 hsa-mir-191 	MI0000465	Chr3: 49058142 [-]	intron	defined by DALRD3,NDUFAF3 TSS 	Cluster 35... 
 hsa-mir-1910 	MI0008331	Chr16: 85775306 [-]	intron	defined by C16orf74 TSS 	
 hsa-mir-1911 	MI0008332	ChrX: 113997744 [+]	intron	defined by HTR2C TSS 	Cluster 17... 
 hsa-mir-1912 	MI0008333	ChrX: 113886019 [+]	intron	defined by HTR2C TSS 	Cluster 17... 
 hsa-mir-1913 	MI0008334	Chr6: 166922921 [-]	intron	defined by RPS6KA2 TSS 	
 hsa-mir-1914 	MI0008335	Chr20: 62572897 [-]	intron,5UTR	defined by UCKL1 TSS 	Cluster 36... 
 hsa-mir-1915 	MI0008336	Chr10: 21785570 [-]	intron	defined by C10orf114 TSS 	
 hsa-mir-192 	MI0000234	Chr11: 64658718 [-]	Intergenic	64684105(25387) 	
 hsa-mir-193a 	MI0000487	Chr17: 29887015 [+]	Intergenic	29877116(9899) 	
 hsa-mir-193b 	MI0003137	Chr16: 14397824 [+]	Intergenic	14396078(1746) 	Cluster 37... 
 hsa-mir-194-1 	MI0000488	Chr1: 220291583 [-]	Intergenic	N/A 	Cluster 38... 
 hsa-mir-194-2 	MI0000732	Chr11: 64658911 [-]	exon	defined by AP001187.2 TSS 	
 hsa-mir-195 	MI0000489	Chr17: 6921020 [-]	intron	defined by AC027763.1 TSS 	Cluster 39... 
 hsa-mir-196a-1 	MI0000238	Chr17: 46709921 [-]	intron	defined by HOXB7,RP11-357H14.1 TSS 	
 hsa-mir-196a-2 	MI0000279	Chr12: 54385522 [+]	Intergenic	54380426(5096) 	
 hsa-mir-196b 	MI0001150	Chr7: 27209182 [-]	exon,intron	defined by HOXA9,MIR196B TSS 	
 hsa-mir-197 	MI0000239	Chr1: 110141515 [+]	Intergenic	110122162(19353) 	
 hsa-mir-1972-1 	MI0009982	Chr16: 15104254 [-]	Intergenic	15125670(21416) 	
 hsa-mir-1972-2 	MI0015977	Chr16: 70064249 [+]	Intergenic	70019047(45202) 	
 hsa-mir-1973 	MI0009983	Chr4: 117220881 [+]	Intergenic	117219376(1505) 	
 hsa-mir-1975 	MI0009985	Chr7: 148638580 [+]	Intergenic	148638579(1) 	
 hsa-mir-1976 	MI0009986	Chr1: 26881033 [+]	intron	defined by RPS6KA1 TSS 	
 hsa-mir-1979 	MI0009989	Chr4: 166321889 [-]	Intergenic	166357354(35465) 	
 hsa-mir-198 	MI0000240	Chr3: 120114576 [-]	3UTR	defined by FSTL1 TSS 	
 hsa-mir-199a-1 	MI0000242	Chr19: 10928172 [-]	Intergenic	10930651(2479) 	
 hsa-mir-199a-2 	MI0000281	Chr1: 172113784 [-]	intron	defined by DNM3,RP5-1116C7.1 TSS 	
 hsa-mir-199b 	MI0000282	Chr9: 131007109 [-]	Intergenic	131038313(31204) 	Cluster 40... 
 hsa-mir-19a 	MI0000073	Chr13: 92003145 [+]	intron,exon	defined by MIRHG1 TSS 	Cluster 29... 
 hsa-mir-19b-1 	MI0000074	Chr13: 92003446 [+]	intron,exon	defined by MIRHG1 TSS 	Cluster 29... 
 hsa-mir-19b-2 	MI0000075	ChrX: 133303796 [-]	Intergenic	133307920(4124) 	Cluster 8... 
 hsa-mir-200a 	MI0000737	Chr1: 1103243 [+]	Intergenic	1098321(4922) 	Cluster 41... 
 hsa-mir-200b 	MI0000342	Chr1: 1102484 [+]	Intergenic	1098321(4163) 	Cluster 41... 
 hsa-mir-200c 	MI0000650	Chr12: 7072862 [+]	Intergenic	7036976(35886) 	Cluster 23... 
 hsa-mir-202 	MI0003130	Chr10: 135061124 [-]	Intergenic	135107346(46222) 	
 hsa-mir-203 	MI0000283	Chr14: 104583742 [+]	Intergenic	104551904(31838) 	
 hsa-mir-204 	MI0000284	Chr9: 73425000 [-]	intron	defined by TRPM3 TSS 	
 hsa-mir-205 	MI0000285	Chr1: 209605478 [+]	exon,intron	defined by CTA-55I10.1 TSS 	
 hsa-mir-2052 	MI0010486	Chr8: 75617928 [+]	Intergenic	75611874(6054) 	
 hsa-mir-2053 	MI0010487	Chr8: 113655722 [+]	Intergenic	N/A 	
 hsa-mir-2054 	MI0010488	Chr4: 126428414 [+]	Intergenic	N/A 	
 hsa-mir-206 	MI0000490	Chr6: 52009147 [+]	Intergenic	52001071(8076) 	Cluster 22... 
 hsa-mir-208a 	MI0000251	Chr14: 23857875 [-]	intron	defined by MYH6 TSS 	
 hsa-mir-208b 	MI0005570	Chr14: 23887272 [-]	intron	defined by MYH7 TSS 	
 hsa-mir-20a 	MI0000076	Chr13: 92003319 [+]	intron,exon	defined by MIRHG1 TSS 	Cluster 29... 
 hsa-mir-20b 	MI0001519	ChrX: 133303907 [-]	Intergenic	133307920(4013) 	Cluster 8... 
 hsa-mir-21 	MI0000077	Chr17: 57918627 [+]	Intergenic	57915327(3300) 	
 hsa-mir-210 	MI0000286	Chr11: 568198 [-]	Intergenic	616308(48110) 	
 hsa-mir-211 	MI0000287	Chr15: 31357344 [-]	intron	defined by TRPM1 TSS 	
 hsa-mir-2110 	MI0010629	Chr10: 115933938 [-]	5UTR	defined by C10orf118 TSS 	
 hsa-mir-2113 	MI0003939	Chr6: 98472407 [+]	Intergenic	N/A 	
 hsa-mir-2114 	MI0010633	ChrX: 149396239 [+]	Intergenic	149390740(5499) 	
 hsa-mir-2115 	MI0010634	Chr3: 48357949 [-]	intron	defined by SPINK8 TSS 	
 hsa-mir-2116 	MI0010635	Chr15: 59463461 [-]	intron	defined by MYO1E TSS 	
 hsa-mir-2117 	MI0010636	Chr17: 41522174 [+]	Intergenic	41483367(38807) 	
 hsa-mir-212 	MI0000288	Chr17: 1953674 [-]	Intergenic	1960152(6478) 	Cluster 21... 
 hsa-mir-214 	MI0000290	Chr1: 172108047 [-]	Intergenic	172109194(1147) 	
 hsa-mir-215 	MI0000291	Chr1: 220291304 [-]	Intergenic	220321512(30208) 	Cluster 38... 
 hsa-mir-216a 	MI0000292	Chr2: 56216194 [-]	intron	defined by AC011306.2 TSS 	Cluster 42... 
 hsa-mir-216b 	MI0005569	Chr2: 56227930 [-]	intron	defined by AC011306.2 TSS 	Cluster 42... 
 hsa-mir-217 	MI0000293	Chr2: 56210211 [-]	intron	defined by AC011306.2 TSS 	Cluster 42... 
 hsa-mir-218-1 	MI0000294	Chr4: 20529898 [+]	intron	defined by SLIT2 TSS 	
 hsa-mir-218-2 	MI0000295	Chr5: 168195260 [-]	intron	defined by SLIT3 TSS 	
 hsa-mir-219-1 	MI0000296	Chr6: 33175612 [+]	Intergenic	33171308(4304) 	
 hsa-mir-219-2 	MI0000740	Chr9: 131154993 [-]	Intergenic	131198003(43010) 	
 hsa-mir-22 	MI0000078	Chr17: 1617281 [-]	exon	defined by C17orf91 TSS 	
 hsa-mir-220a 	MI0000297	ChrX: 122696055 [-]	Intergenic	122744908(48853) 	
 hsa-mir-220b 	MI0005529	Chr19: 6495959 [+]	Intergenic	6464249(31710) 	
 hsa-mir-220c 	MI0005536	Chr19: 49063611 [-]	Intergenic	49094920(31309) 	
 hsa-mir-221 	MI0000298	ChrX: 45605694 [-]	Intergenic	45624282(18588) 	Cluster 43... 
 hsa-mir-222 	MI0000299	ChrX: 45606530 [-]	Intergenic	45624430(17900) 	Cluster 43... 
 hsa-mir-223 	MI0000300	ChrX: 65238712 [+]	Intergenic	65235302(3410) 	
 hsa-mir-224 	MI0000301	ChrX: 151127130 [-]	intron,exon	defined by GABRE TSS 	Cluster 44... 
 hsa-mir-2276 	MI0011282	Chr13: 24736555 [+]	intron	defined by SPATA13 TSS 	
 hsa-mir-2277 	MI0011284	Chr5: 92956494 [-]	3UTR	defined by FAM172A TSS 	
 hsa-mir-2278 	MI0011285	Chr9: 97572244 [+]	intron	defined by C9orf3 TSS 	
 hsa-mir-2355 	MI0015873	Chr2: 207974797 [-]	intron	defined by KLF7 TSS 	
 hsa-mir-23a 	MI0000079	Chr19: 13947473 [-]	Intergenic	13949294(1821) 	Cluster 45... 
 hsa-mir-23b 	MI0000439	Chr9: 97847490 [+]	intron	defined by C9orf3 TSS 	Cluster 46... 
 hsa-mir-24-1 	MI0000080	Chr9: 97848303 [+]	intron,exon	defined by C9orf3 TSS 	Cluster 46... 
 hsa-mir-24-2 	MI0000081	Chr19: 13947173 [-]	Intergenic	13949294(2121) 	Cluster 45... 
 hsa-mir-25 	MI0000082	Chr7: 99691266 [-]	intron	defined by MCM7 TSS 	Cluster 9... 
 hsa-mir-26a-1 	MI0000083	Chr3: 38010895 [+]	intron	defined by CTDSPL TSS 	
 hsa-mir-26a-2 	MI0000750	Chr12: 58218475 [-]	intron	defined by CTDSP2 TSS 	
 hsa-mir-26b 	MI0000084	Chr2: 219267369 [+]	intron	defined by CTDSP1 TSS 	
 hsa-mir-27a 	MI0000085	Chr19: 13947331 [-]	Intergenic	13949294(1963) 	Cluster 45... 
 hsa-mir-27b 	MI0000440	Chr9: 97847727 [+]	intron	defined by C9orf3 TSS 	Cluster 46... 
 hsa-mir-28 	MI0000086	Chr3: 188406569 [+]	intron	defined by LPP TSS 	
 hsa-mir-2861 	MI0013006	Chr9: 130548197 [+]	3UTR	defined by CDK9 TSS 	
 hsa-mir-2909 	MI0013083	Chr17: 35391042 [+]	intron	defined by AATF TSS 	
 hsa-mir-296 	MI0000747	Chr20: 57392749 [-]	Intergenic	57408989(16240) 	Cluster 47... 
 hsa-mir-297 	MI0005775	Chr4: 111781803 [-]	Intergenic	111797978(16175) 	
 hsa-mir-298 	MI0005523	Chr20: 57393368 [-]	Intergenic	57408989(15621) 	Cluster 47... 
 hsa-mir-299 	MI0000744	Chr14: 101490131 [+]	Intergenic	101463609(26522) 	Cluster 12... 
 hsa-mir-29a 	MI0000087	Chr7: 130561569 [-]	Intergenic	130596983(35414) 	Cluster 48... 
 hsa-mir-29b-1 	MI0000105	Chr7: 130562298 [-]	Intergenic	130596999(34701) 	Cluster 48... 
 hsa-mir-29b-2 	MI0000107	Chr1: 207975868 [-]	Intergenic	207997156(21288) 	Cluster 49... 
 hsa-mir-29c 	MI0000735	Chr1: 207975284 [-]	Intergenic	207997156(21872) 	Cluster 49... 
 hsa-mir-300 	MI0005525	Chr14: 101507700 [+]	Intergenic	101504783(2917) 	Cluster 12... 
 hsa-mir-301a 	MI0000745	Chr17: 57228582 [-]	intron	defined by SKA2 TSS 	Cluster 50... 
 hsa-mir-301b 	MI0005568	Chr22: 22007270 [+]	intron	defined by PPIL2,TOP3B TSS 	Cluster 20... 
 hsa-mir-302a 	MI0000738	Chr4: 113569407 [-]	Intergenic	N/A 	Cluster 51... 
 hsa-mir-302b 	MI0000772	Chr4: 113569713 [-]	Intergenic	N/A 	Cluster 51... 
 hsa-mir-302c 	MI0000773	Chr4: 113569586 [-]	Intergenic	N/A 	Cluster 51... 
 hsa-mir-302d 	MI0000774	Chr4: 113569227 [-]	Intergenic	N/A 	Cluster 51... 
 hsa-mir-302e 	MI0006417	Chr11: 7255997 [+]	Intergenic	N/A 	
 hsa-mir-302f 	MI0006418	Chr18: 27878876 [+]	Intergenic	N/A 	
 hsa-mir-3065 	MI0014228	Chr17: 79099677 [+]	Intergenic	79071417(28260) 	
 hsa-mir-3074 	MI0014181	Chr9: 97848376 [-]	Intergenic	97851575(3199) 	
 hsa-mir-30a 	MI0000088	Chr6: 72113324 [-]	intron	defined by C6orf155 TSS 	Cluster 52... 
 hsa-mir-30b 	MI0000441	Chr8: 135812850 [-]	Intergenic	135844546(31696) 	Cluster 53... 
 hsa-mir-30c-1 	MI0000736	Chr1: 41222956 [+]	intron	defined by NFYC TSS 	Cluster 54... 
 hsa-mir-30c-2 	MI0000254	Chr6: 72086734 [-]	intron	defined by AL136164.1,C6orf155 TSS 	Cluster 52... 
 hsa-mir-30d 	MI0000255	Chr8: 135817188 [-]	Intergenic	135844546(27358) 	Cluster 53... 
 hsa-mir-30e 	MI0000749	Chr1: 41220027 [+]	intron	defined by NFYC TSS 	Cluster 54... 
 hsa-mir-31 	MI0000089	Chr9: 21512184 [-]	intron	defined by RP11-354P17.1 TSS 	
 hsa-mir-3115 	MI0014127	Chr1: 23370798 [+]	intron	defined by KDM1,RP1-184J9.1 TSS 	
 hsa-mir-3116-1 	MI0014128	Chr1: 62544458 [+]	intron	defined by INADL TSS 	
 hsa-mir-3116-2 	MI0014129	Chr1: 62544528 [-]	Intergenic	62594508(49980) 	
 hsa-mir-3117 	MI0014130	Chr1: 67094123 [+]	intron	defined by SGIP1 TSS 	
 hsa-mir-3118-1 	MI0014131	Chr1: 142667289 [+]	intron	defined by AL583842.1,AL583842.7 TSS 	
 hsa-mir-3118-2 	MI0014132	Chr1: 143163750 [+]	intron	defined by BX571672.3,BX571672.6,BX571672.8 TSS 	
 hsa-mir-3118-3 	MI0014133	Chr1: 143424215 [-]	intron	defined by BX004987.7 TSS 	
 hsa-mir-3118-4 	MI0014207	Chr15: 21038124 [+]	Intergenic	21018196(19928) 	
 hsa-mir-3118-5 	MI0014243	Chr21: 15017171 [-]	Intergenic	15037875(20704) 	
 hsa-mir-3118-6 	MI0015981	Chr15: 22049274 [+]	Intergenic	22029346(19928) 	
 hsa-mir-3119-1 	MI0014134	Chr1: 170120603 [-]	Intergenic	170133088(12485) 	
 hsa-mir-3119-2 	MI0014135	Chr1: 170120519 [+]	intron	defined by METTL11B TSS 	
 hsa-mir-3120 	MI0014136	Chr1: 172107948 [+]	intron	defined by DNM3 TSS 	
 hsa-mir-3121 	MI0014137	Chr1: 180407525 [-]	intron	defined by ACBD6 TSS 	
 hsa-mir-3122 	MI0014138	Chr1: 212250955 [+]	intron	defined by DTL TSS 	
 hsa-mir-3123 	MI0014139	Chr1: 241295572 [+]	Intergenic	241277618(17954) 	
 hsa-mir-3124 	MI0014140	Chr1: 249120576 [+]	Intergenic	249107201(13375) 	
 hsa-mir-3125 	MI0014142	Chr2: 12877493 [+]	intron	defined by TRIB2 TSS 	
 hsa-mir-3126 	MI0014143	Chr2: 69330814 [+]	intron	defined by ANTXR1 TSS 	
 hsa-mir-3127 	MI0014144	Chr2: 97464015 [+]	intron	defined by CNNM4 TSS 	
 hsa-mir-3128 	MI0014145	Chr2: 178120738 [-]	intron	defined by NFE2L2 TSS 	
 hsa-mir-3129 	MI0014146	Chr2: 189997837 [-]	intron	defined by COL5A2 TSS 	
 hsa-mir-3130-1 	MI0014147	Chr2: 207648032 [-]	Intergenic	N/A 	Cluster 55... 
 hsa-mir-3130-2 	MI0014148	Chr2: 207647958 [+]	intron	defined by FASTKD2 TSS 	Cluster 56... 
 hsa-mir-3130-3 	MI0014149	Chr2: 207648030 [-]	Intergenic	N/A 	Cluster 55... 
 hsa-mir-3130-4 	MI0014150	Chr2: 207647960 [+]	intron	defined by FASTKD2 TSS 	Cluster 56... 
 hsa-mir-3131 	MI0014151	Chr2: 219923472 [-]	intron	defined by IHH TSS 	
 hsa-mir-3132 	MI0014152	Chr2: 220413869 [-]	Intergenic	220462760(48891) 	
 hsa-mir-3133 	MI0014153	Chr2: 242417320 [+]	intron	defined by FARP2 TSS 	
 hsa-mir-3134 	MI0014155	Chr3: 15738878 [-]	intron	defined by ANKRD28 TSS 	
 hsa-mir-3135 	MI0014156	Chr3: 20179057 [+]	intron	defined by KAT2B TSS 	
 hsa-mir-3136 	MI0014158	Chr3: 69098186 [-]	intron	defined by TMF1 TSS 	
 hsa-mir-3137 	MI0014160	Chr3: 194855309 [-]	intron	defined by C3orf21 TSS 	
 hsa-mir-3138 	MI0014161	Chr4: 10080316 [-]	intron	defined by WDR1 TSS 	
 hsa-mir-3139 	MI0014162	Chr4: 144264613 [+]	intron	defined by GAB1 TSS 	
 hsa-mir-3140 	MI0014163	Chr4: 153410568 [-]	intron	defined by FBXW7 TSS 	
 hsa-mir-3141 	MI0014165	Chr5: 153975632 [-]	Intergenic	154023231(47599) 	
 hsa-mir-3142 	MI0014166	Chr5: 159901409 [+]	Intergenic	159895244(6165) 	Cluster 26... 
 hsa-mir-3143 	MI0014167	Chr6: 27115405 [+]	Intergenic	27106162(9243) 	
 hsa-mir-3144 	MI0014169	Chr6: 120336325 [+]	Intergenic	120326867(9458) 	
 hsa-mir-3145 	MI0014170	Chr6: 138756431 [-]	intron	defined by NHSL1 TSS 	
 hsa-mir-3146 	MI0014172	Chr7: 19745059 [-]	intron	defined by TWISTNB TSS 	
 hsa-mir-3147 	MI0014173	Chr7: 57472731 [+]	Intergenic	57436499(36232) 	
 hsa-mir-3148 	MI0014175	Chr8: 29814864 [-]	Intergenic	N/A 	
 hsa-mir-3149 	MI0014176	Chr8: 77879086 [-]	Intergenic	77913195(34109) 	
 hsa-mir-3150 	MI0014177	Chr8: 96085142 [+]	intron	defined by C8orf38 TSS 	
 hsa-mir-3151 	MI0014178	Chr8: 104166842 [+]	intron	defined by BAALC TSS 	
 hsa-mir-3152 	MI0014179	Chr9: 18573304 [+]	intron	defined by ADAMTSL1 TSS 	
 hsa-mir-3153 	MI0014180	Chr9: 91927140 [+]	intron	defined by CKS2 TSS 	
 hsa-mir-3154 	MI0014182	Chr9: 131007309 [-]	Intergenic	131038313(31004) 	Cluster 40... 
 hsa-mir-3155 	MI0014183	Chr10: 6194159 [+]	intron	defined by PFKFB3 TSS 	
 hsa-mir-3156-1 	MI0014184	Chr10: 45659462 [+]	intron	defined by RP11-432I13.2 TSS 	
 hsa-mir-3156-2 	MI0014230	Chr18: 14830165 [+]	intron	defined by AP006565.1 TSS 	
 hsa-mir-3156-3 	MI0014242	Chr21: 14778781 [-]	intron	defined by AL050302.1 TSS 	
 hsa-mir-3157 	MI0014185	Chr10: 97824156 [-]	intron	defined by RP11-429G19.1 TSS 	
 hsa-mir-3158-1 	MI0014186	Chr10: 103361174 [+]	intron	defined by DPCD TSS 	
 hsa-mir-3158-2 	MI0014187	Chr10: 103361254 [-]	Intergenic	103387612(26358) 	
 hsa-mir-3159 	MI0014188	Chr11: 18409334 [+]	Intergenic	18373142(36192) 	
 hsa-mir-3160-1 	MI0014189	Chr11: 46473439 [-]	intron	defined by AMBRA1 TSS 	
 hsa-mir-3160-2 	MI0014190	Chr11: 46473357 [+]	Intergenic	N/A 	
 hsa-mir-3161 	MI0014191	Chr11: 48118334 [+]	intron	defined by PTPRJ TSS 	
 hsa-mir-3162 	MI0014192	Chr11: 59362631 [-]	intron	defined by OSBP TSS 	
 hsa-mir-3163 	MI0014193	Chr11: 66701977 [-]	intron	defined by PC TSS 	
 hsa-mir-3164 	MI0014194	Chr11: 68850644 [+]	intron	defined by TPCN2 TSS 	
 hsa-mir-3165 	MI0014195	Chr11: 71783348 [-]	intron	defined by NUMA1 TSS 	
 hsa-mir-3166 	MI0014196	Chr11: 87909670 [+]	Intergenic	87908653(1017) 	
 hsa-mir-3167 	MI0014198	Chr11: 126858438 [-]	Intergenic	126870487(12049) 	
 hsa-mir-3168 	MI0014199	Chr13: 41675236 [-]	Intergenic	41706939(31703) 	
 hsa-mir-3169 	MI0014200	Chr13: 61774014 [-]	Intergenic	61781193(7179) 	
 hsa-mir-3170 	MI0014201	Chr13: 98860778 [+]	intron	defined by FARP1 TSS 	
 hsa-mir-3171 	MI0014202	Chr14: 28102484 [-]	Intergenic	N/A 	
 hsa-mir-3172 	MI0014203	Chr14: 32954301 [+]	intron	defined by AKAP6 TSS 	
 hsa-mir-3173 	MI0014204	Chr14: 95604323 [-]	intron	defined by DICER1 TSS 	
 hsa-mir-3174 	MI0014208	Chr15: 90549987 [+]	intron	defined by ZNF710 TSS 	
 hsa-mir-3175 	MI0014209	Chr15: 93447629 [+]	intron	defined by CHD2 TSS 	
 hsa-mir-3176 	MI0014210	Chr16: 593277 [+]	intron	defined by SOLH TSS 	
 hsa-mir-3177 	MI0014211	Chr16: 1784986 [+]	intron	defined by MAPK8IP3 TSS 	
 hsa-mir-3178 	MI0014212	Chr16: 2582006 [-]	Intergenic	2582477(471) 	
 hsa-mir-3179-1 	MI0014213	Chr16: 14995365 [+]	Intergenic	14946913(48452) 	Cluster 57... 
 hsa-mir-3179-2 	MI0014216	Chr16: 16394016 [+]	Intergenic	16345569(48447) 	Cluster 58... 
 hsa-mir-3179-3 	MI0014221	Chr16: 18505834 [-]	Intergenic	18553711(47877) 	Cluster 59... 
 hsa-mir-3180-1 	MI0014214	Chr16: 15005077 [+]	Intergenic	15004926(151) 	Cluster 57... 
 hsa-mir-3180-2 	MI0014215	Chr16: 16403736 [+]	Intergenic	16403581(155) 	Cluster 58... 
 hsa-mir-3180-3 	MI0014217	Chr16: 18496128 [-]	Intergenic	18496279(151) 	Cluster 59... 
 hsa-mir-3181 	MI0014223	Chr16: 50776216 [+]	intron	defined by CYLD TSS 	
 hsa-mir-3182 	MI0014224	Chr16: 83541951 [+]	intron	defined by CDH13 TSS 	
 hsa-mir-3183 	MI0014225	Chr17: 925799 [-]	intron	defined by ABR TSS 	
 hsa-mir-3184 	MI0014226	Chr17: 28444178 [-]	Intergenic	28448153(3975) 	
 hsa-mir-3185 	MI0014227	Chr17: 46801837 [-]	Intergenic	46806430(4593) 	
 hsa-mir-3186 	MI0014229	Chr17: 79418214 [-]	Intergenic	79448083(29869) 	
 hsa-mir-3187 	MI0014231	Chr19: 813584 [+]	Intergenic	798447(15137) 	
 hsa-mir-3188 	MI0014232	Chr19: 18392887 [+]	Intergenic	18392633(254) 	
 hsa-mir-3189 	MI0014233	Chr19: 18497372 [+]	intron	defined by GDF15,PGPEP1 TSS 	
 hsa-mir-3190 	MI0014235	Chr19: 47730199 [+]	Intergenic	47724204(5995) 	
 hsa-mir-3191 	MI0014236	Chr19: 47730276 [-]	intron	defined by BBC3 TSS 	
 hsa-mir-3192 	MI0014237	Chr20: 18451259 [+]	intron	defined by POLR3F TSS 	
 hsa-mir-3193 	MI0014238	Chr20: 30194989 [+]	Intergenic	30161116(33873) 	
 hsa-mir-3194 	MI0014239	Chr20: 50069514 [-]	intron	defined by NFATC2 TSS 	
 hsa-mir-3195 	MI0014240	Chr20: 60639858 [+]	Intergenic	60639685(173) 	
 hsa-mir-3196 	MI0014241	Chr20: 61870131 [+]	intron	defined by BIRC7,NKAIN4 TSS 	
 hsa-mir-3197 	MI0014245	Chr21: 42539484 [+]	Intergenic	42536347(3137) 	
 hsa-mir-3198 	MI0014246	Chr22: 18247025 [-]	intron	defined by BID TSS 	
 hsa-mir-3199-1 	MI0014247	Chr22: 28316600 [-]	Intergenic	28329277(12677) 	
 hsa-mir-3199-2 	MI0014248	Chr22: 28316514 [+]	intron	defined by RP3-477H23.1 TSS 	
 hsa-mir-32 	MI0000090	Chr9: 111808578 [-]	intron	defined by C9orf5 TSS 	
 hsa-mir-3200 	MI0014249	Chr22: 31127544 [+]	intron	defined by MTMR3,OSBP2 TSS 	
 hsa-mir-3201 	MI0014250	Chr22: 48670176 [+]	Intergenic	48649582(20594) 	
 hsa-mir-3202-1 	MI0014252	ChrX: 153246548 [+]	intron	defined by TMEM187 TSS 	
 hsa-mir-3202-2 	MI0014253	ChrX: 153246627 [-]	Intergenic	153248427(1800) 	
 hsa-mir-320a 	MI0000542	Chr8: 22102556 [-]	Intergenic	22102967(411) 	
 hsa-mir-320b-1 	MI0003776	Chr1: 117214371 [+]	Intergenic	117209270(5101) 	
 hsa-mir-320b-2 	MI0003839	Chr1: 224444843 [-]	intron	defined by NVL TSS 	
 hsa-mir-320c-1 	MI0003778	Chr18: 19263471 [+]	Intergenic	19250302(13169) 	
 hsa-mir-320c-2 	MI0008191	Chr18: 21901650 [+]	Intergenic	21851937(49713) 	
 hsa-mir-320d-1 	MI0008190	Chr13: 41302011 [-]	Intergenic	41345476(43465) 	
 hsa-mir-320d-2 	MI0008192	ChrX: 140008384 [-]	Intergenic	140050697(42313) 	
 hsa-mir-320e 	MI0014234	Chr19: 47212602 [-]	intron	defined by PRKD2 TSS 	
 hsa-mir-323 	MI0000807	Chr14: 101492069 [+]	Intergenic	101457982(34087) 	Cluster 12... 
 hsa-mir-323b 	MI0014206	Chr14: 101522556 [+]	Intergenic	101504783(17773) 	Cluster 12... 
 hsa-mir-324 	MI0000813	Chr17: 7126698 [-]	Intergenic	7141111(14413) 	
 hsa-mir-325 	MI0000824	ChrX: 76225926 [-]	Intergenic	N/A 	
 hsa-mir-326 	MI0000808	Chr11: 75046230 [-]	intron	defined by ARRB1 TSS 	
 hsa-mir-328 	MI0000804	Chr16: 67236298 [-]	Intergenic	67261041(24743) 	
 hsa-mir-329-1 	MI0001725	Chr14: 101493122 [+]	Intergenic	101491439(1683) 	Cluster 12... 
 hsa-mir-329-2 	MI0001726	Chr14: 101493437 [+]	Intergenic	101491439(1998) 	Cluster 12... 
 hsa-mir-330 	MI0000803	Chr19: 46142345 [-]	intron	defined by EML2 TSS 	
 hsa-mir-331 	MI0000812	Chr12: 95702196 [+]	Intergenic	95692643(9553) 	
 hsa-mir-335 	MI0000816	Chr7: 130135952 [+]	intron	defined by MEST TSS 	
 hsa-mir-337 	MI0000806	Chr14: 101340830 [+]	Intergenic	101293668(47162) 	Cluster 18... 
 hsa-mir-338 	MI0000814	Chr17: 79099749 [-]	intron	defined by AATK TSS 	Cluster 16... 
 hsa-mir-339 	MI0000815	Chr7: 1062662 [-]	intron	defined by C7orf50 TSS 	
 hsa-mir-33a 	MI0000091	Chr22: 42296948 [+]	intron	defined by SREBF2 TSS 	
 hsa-mir-33b 	MI0003646	Chr17: 17717245 [-]	intron	defined by SREBF1 TSS 	
 hsa-mir-340 	MI0000802	Chr5: 179442397 [-]	intron	defined by RNF130 TSS 	
 hsa-mir-342 	MI0000805	Chr14: 100575992 [+]	intron	defined by EVL TSS 	
 hsa-mir-345 	MI0000825	Chr14: 100774196 [+]	Intergenic	100741483(32713) 	
 hsa-mir-346 	MI0000826	Chr10: 88024545 [-]	intron	defined by GRID1 TSS 	
 hsa-mir-34a 	MI0000268	Chr1: 9211836 [-]	Intergenic	9259025(47189) 	
 hsa-mir-34b 	MI0000742	Chr11: 111383663 [+]	Intergenic	111383204(459) 	Cluster 60... 
 hsa-mir-34c 	MI0000743	Chr11: 111384164 [+]	Intergenic	111383204(960) 	Cluster 60... 
 hsa-mir-361 	MI0000760	ChrX: 85158712 [-]	intron	defined by CHM TSS 	
 hsa-mir-362 	MI0000762	ChrX: 49773572 [+]	intron	defined by CLCN5 TSS 	Cluster 34... 
 hsa-mir-363 	MI0000764	ChrX: 133303482 [-]	Intergenic	133307920(4438) 	Cluster 8... 
 hsa-mir-365-1 	MI0000767	Chr16: 14403142 [+]	Intergenic	14396078(7064) 	Cluster 37... 
 hsa-mir-365-2 	MI0000769	Chr17: 29902430 [+]	3UTR	defined by AC003101.6 TSS 	
 hsa-mir-367 	MI0000775	Chr4: 113569097 [-]	Intergenic	N/A 	Cluster 51... 
 hsa-mir-369 	MI0000777	Chr14: 101531935 [+]	Intergenic	101491439(40496) 	Cluster 12... 
 hsa-mir-370 	MI0000778	Chr14: 101377476 [+]	Intergenic	101356633(20843) 	Cluster 18... 
 hsa-mir-371 	MI0000779	Chr19: 54290929 [+]	Intergenic	54278742(12187) 	Cluster 19... 
 hsa-mir-372 	MI0000780	Chr19: 54291144 [+]	Intergenic	54278742(12402) 	Cluster 19... 
 hsa-mir-373 	MI0000781	Chr19: 54291959 [+]	Intergenic	54278742(13217) 	Cluster 19... 
 hsa-mir-374a 	MI0000782	ChrX: 73507192 [-]	intron	defined by NCRNA00182 TSS 	Cluster 61... 
 hsa-mir-374b 	MI0005566	ChrX: 73438453 [-]	Intergenic	73458466(20013) 	Cluster 62... 
 hsa-mir-375 	MI0000783	Chr2: 219866430 [-]	Intergenic	219866698(268) 	
 hsa-mir-376a-1 	MI0000784	Chr14: 101507119 [+]	Intergenic	101491439(15680) 	Cluster 12... 
 hsa-mir-376a-2 	MI0003529	Chr14: 101506406 [+]	Intergenic	101504783(1623) 	Cluster 12... 
 hsa-mir-376b 	MI0002466	Chr14: 101506773 [+]	Intergenic	101504783(1990) 	Cluster 12... 
 hsa-mir-376c 	MI0000776	Chr14: 101506027 [+]	Intergenic	101491439(14588) 	Cluster 12... 
 hsa-mir-377 	MI0000785	Chr14: 101528387 [+]	Intergenic	101504783(23604) 	Cluster 12... 
 hsa-mir-378 	MI0000786	Chr5: 149112388 [+]	intron	defined by PPARGC1B TSS 	
 hsa-mir-378b 	MI0014154	Chr3: 10371913 [+]	Intergenic	10343170(28743) 	
 hsa-mir-378c 	MI0015825	Chr10: 132760931 [-]	Intergenic	N/A 	
 hsa-mir-379 	MI0000787	Chr14: 101488403 [+]	Intergenic	101438989(49414) 	Cluster 12... 
 hsa-mir-380 	MI0000788	Chr14: 101491354 [+]	Intergenic	101457982(33372) 	Cluster 12... 
 hsa-mir-381 	MI0000789	Chr14: 101512257 [+]	Intergenic	101504783(7474) 	Cluster 12... 
 hsa-mir-382 	MI0000790	Chr14: 101520643 [+]	Intergenic	101504783(15860) 	Cluster 12... 
 hsa-mir-383 	MI0000791	Chr8: 14711019 [-]	intron	defined by SGCZ TSS 	
 hsa-mir-384 	MI0001145	ChrX: 76139785 [-]	Intergenic	N/A 	
 hsa-mir-409 	MI0001735	Chr14: 101531637 [+]	Intergenic	101491439(40198) 	Cluster 12... 
 hsa-mir-410 	MI0002465	Chr14: 101532249 [+]	Intergenic	101504783(27466) 	Cluster 12... 
 hsa-mir-411 	MI0003675	Chr14: 101489662 [+]	Intergenic	101457982(31680) 	Cluster 12... 
 hsa-mir-412 	MI0002464	Chr14: 101531784 [+]	Intergenic	101504783(27001) 	Cluster 12... 
 hsa-mir-421 	MI0003685	ChrX: 73438296 [-]	Intergenic	73458466(20170) 	Cluster 62... 
 hsa-mir-422a 	MI0001444	Chr15: 64163218 [-]	Intergenic	64188708(25490) 	
 hsa-mir-423 	MI0001445	Chr17: 28444097 [+]	intron,exon	defined by CCDC55 TSS 	
 hsa-mir-424 	MI0001446	ChrX: 133680741 [-]	exon	defined by AC004383.3 TSS 	Cluster 63... 
 hsa-mir-425 	MI0001448	Chr3: 49057667 [-]	intron	defined by DALRD3 TSS 	Cluster 35... 
 hsa-mir-4251 	MI0015861	Chr1: 3044539 [+]	intron	defined by PRDM16 TSS 	
 hsa-mir-4252 	MI0015864	Chr1: 6489956 [-]	Intergenic	6520592(30636) 	
 hsa-mir-4253 	MI0015860	Chr1: 23189719 [-]	Intergenic	23235557(45838) 	
 hsa-mir-4254 	MI0015862	Chr1: 32224336 [-]	intron	defined by BAI2 TSS 	
 hsa-mir-4255 	MI0015863	Chr1: 37627164 [+]	Intergenic	N/A 	
 hsa-mir-4256 	MI0015855	Chr1: 113004455 [-]	Intergenic	113051507(47052) 	
 hsa-mir-4257 	MI0015856	Chr1: 150524405 [+]	intron	defined by ADAMTSL4,RP11-54A4.1 TSS 	
 hsa-mir-4258 	MI0015857	Chr1: 154948169 [+]	intron	defined by CKS1B TSS 	
 hsa-mir-4259 	MI0015858	Chr1: 159869869 [-]	intron	defined by CCDC19 TSS 	
 hsa-mir-4260 	MI0015859	Chr1: 209796855 [-]	intron	defined by LAMB3 TSS 	
 hsa-mir-4261 	MI0015868	Chr2: 10332797 [-]	Intergenic	10379625(46828) 	
 hsa-mir-4262 	MI0015872	Chr2: 11977112 [-]	Intergenic	12015280(38168) 	
 hsa-mir-4263 	MI0015876	Chr2: 28219234 [+]	intron	defined by BRE,MRPL33 TSS 	
 hsa-mir-4264 	MI0015877	Chr2: 79876485 [-]	Intergenic	N/A 	
 hsa-mir-4265 	MI0015869	Chr2: 109758044 [-]	Intergenic	N/A 	
 hsa-mir-4266 	MI0015870	Chr2: 109930081 [-]	Intergenic	109935653(5572) 	
 hsa-mir-4267 	MI0015871	Chr2: 110827619 [-]	Intergenic	110857589(29970) 	
 hsa-mir-4268 	MI0015874	Chr2: 220771286 [-]	Intergenic	N/A 	
 hsa-mir-4269 	MI0015875	Chr2: 240227157 [+]	Intergenic	240182677(44480) 	
 hsa-mir-4270 	MI0015878	Chr3: 15537815 [-]	intron	defined by COLQ TSS 	
 hsa-mir-4271 	MI0015879	Chr3: 49311553 [+]	Intergenic	N/A 	
 hsa-mir-4272 	MI0015880	Chr3: 67275888 [+]	Intergenic	N/A 	
 hsa-mir-4273 	MI0015881	Chr3: 75787431 [+]	Intergenic	N/A 	
 hsa-mir-4274 	MI0015884	Chr4: 7461755 [+]	intron	defined by SORCS2 TSS 	
 hsa-mir-4275 	MI0015883	Chr4: 28821204 [+]	Intergenic	28801527(19677) 	
 hsa-mir-4276 	MI0015882	Chr4: 175344946 [+]	Intergenic	N/A 	
 hsa-mir-4277 	MI0015886	Chr5: 1708983 [-]	Intergenic	1733643(24660) 	
 hsa-mir-4278 	MI0015888	Chr5: 6828034 [-]	Intergenic	6849073(21039) 	
 hsa-mir-4279 	MI0015887	Chr5: 31936265 [-]	Intergenic	31962581(26316) 	
 hsa-mir-4280 	MI0015889	Chr5: 86410771 [-]	Intergenic	86418012(7241) 	
 hsa-mir-4281 	MI0015885	Chr5: 176056501 [-]	intron	defined by SNCB TSS 	
 hsa-mir-4282 	MI0015890	Chr6: 73677476 [-]	Intergenic	73704410(26934) 	
 hsa-mir-4283-1 	MI0015892	Chr7: 57023571 [-]	Intergenic	57071886(48315) 	
 hsa-mir-4283-2 	MI0015982	Chr7: 63081468 [+]	Intergenic	63033294(48174) 	
 hsa-mir-4284 	MI0015893	Chr7: 73125647 [+]	Intergenic	73115174(10473) 	
 hsa-mir-4285 	MI0015891	Chr7: 101936369 [+]	intron	defined by SH2B2 TSS 	
 hsa-mir-4286 	MI0015894	Chr8: 10524488 [+]	Intergenic	N/A 	
 hsa-mir-4287 	MI0015895	Chr8: 27743633 [-]	intron	defined by SCARA5 TSS 	
 hsa-mir-4288 	MI0015896	Chr8: 28362699 [-]	Intergenic	N/A 	
 hsa-mir-4289 	MI0015898	Chr9: 91360820 [-]	Intergenic	N/A 	
 hsa-mir-429 	MI0001641	Chr1: 1104385 [+]	Intergenic	1098321(6064) 	Cluster 41... 
 hsa-mir-4290 	MI0015899	Chr9: 92785817 [-]	intron	defined by RP11-406A20.1 TSS 	
 hsa-mir-4291 	MI0015900	Chr9: 96581639 [+]	Intergenic	96536745(44894) 	
 hsa-mir-4292 	MI0015897	Chr9: 139725409 [+]	intron	defined by C9orf86 TSS 	
 hsa-mir-4293 	MI0015826	Chr10: 14425276 [-]	intron	defined by FRMD4A TSS 	
 hsa-mir-4294 	MI0015827	Chr10: 50193632 [-]	Intergenic	50194526(894) 	
 hsa-mir-4295 	MI0015822	Chr10: 114393929 [+]	intron	defined by VTI1A TSS 	
 hsa-mir-4296 	MI0015823	Chr10: 126721439 [-]	intron	defined by CTBP2 TSS 	
 hsa-mir-4297 	MI0015824	Chr10: 131641638 [-]	intron	defined by EBF3 TSS 	
 hsa-mir-4298 	MI0015830	Chr11: 1880766 [-]	Intergenic	1913367(32601) 	
 hsa-mir-4299 	MI0015829	Chr11: 11678269 [-]	Intergenic	N/A 	
 hsa-mir-4300 	MI0015831	Chr11: 81601878 [-]	Intergenic	81640799(38921) 	
 hsa-mir-4301 	MI0015828	Chr11: 113320810 [-]	intron	defined by DRD2 TSS 	
 hsa-mir-4302 	MI0015833	Chr12: 26027012 [-]	Intergenic	N/A 	
 hsa-mir-4303 	MI0015834	Chr12: 98389226 [-]	Intergenic	N/A 	
 hsa-mir-4304 	MI0015832	Chr12: 123495275 [-]	intron	defined by PITPNM2 TSS 	
 hsa-mir-4305 	MI0015835	Chr13: 40238272 [-]	Intergenic	40244256(5984) 	
 hsa-mir-4306 	MI0015836	Chr13: 100295313 [+]	intron	defined by CLYBL TSS 	
 hsa-mir-4307 	MI0015838	Chr14: 27377848 [+]	Intergenic	27336297(41551) 	
 hsa-mir-4308 	MI0015839	Chr14: 55344911 [-]	intron	defined by GCH1 TSS 	
 hsa-mir-4309 	MI0015837	Chr14: 103005981 [+]	Intergenic	102974890(31091) 	
 hsa-mir-431 	MI0001721	Chr14: 101347344 [+]	Intergenic	101316112(31232) 	Cluster 18... 
 hsa-mir-4310 	MI0015840	Chr15: 42158749 [-]	intron	defined by MAPKBP1,SPTBN5 TSS 	
 hsa-mir-4311 	MI0015841	Chr15: 66332571 [+]	Intergenic	66305699(26872) 	
 hsa-mir-4312 	MI0015842	Chr15: 69094264 [-]	intron	defined by ANP32A TSS 	
 hsa-mir-4313 	MI0015843	Chr15: 76054656 [-]	intron	defined by AC019294.6 TSS 	
 hsa-mir-4314 	MI0015846	Chr17: 7991374 [+]	Intergenic	7960202(31172) 	
 hsa-mir-4315-1 	MI0015844	Chr17: 43552801 [-]	exon	defined by PLEKHM1 TSS 	
 hsa-mir-4315-2 	MI0015983	Chr17: 62818220 [-]	exon	defined by AC103810.1 TSS 	
 hsa-mir-4316 	MI0015845	Chr17: 75393136 [-]	Intergenic	75424774(31638) 	
 hsa-mir-4317 	MI0015850	Chr18: 6374424 [-]	intron	defined by L3MBTL4 TSS 	
 hsa-mir-4318 	MI0015847	Chr18: 35237098 [+]	Intergenic	N/A 	
 hsa-mir-4319 	MI0015848	Chr18: 42550131 [-]	Intergenic	42558168(8037) 	
 hsa-mir-432 	MI0003133	Chr14: 101350820 [+]	Intergenic	101316112(34708) 	Cluster 18... 
 hsa-mir-4320 	MI0015849	Chr18: 47652933 [-]	intron	defined by MYO5B TSS 	
 hsa-mir-4321 	MI0015852	Chr19: 2250638 [+]	3UTR	defined by AC004490.2,AMH TSS 	
 hsa-mir-4322 	MI0015851	Chr19: 10341089 [+]	Intergenic	10317122(23967) 	
 hsa-mir-4323 	MI0015853	Chr19: 42637665 [-]	Intergenic	42680609(42944) 	
 hsa-mir-4324 	MI0015854	Chr19: 49812125 [-]	intron	defined by SLC6A16 TSS 	
 hsa-mir-4325 	MI0015865	Chr20: 55896647 [-]	Intergenic	55934805(38158) 	
 hsa-mir-4326 	MI0015866	Chr20: 61918160 [+]	intron	defined by ARFGAP1 TSS 	
 hsa-mir-4327 	MI0015867	Chr21: 31747696 [-]	intron	defined by KRTAP13-2 TSS 	
 hsa-mir-4328 	MI0015904	ChrX: 78156746 [-]	Intergenic	N/A 	
 hsa-mir-4329 	MI0015901	ChrX: 112024016 [-]	intron,3UTR	defined by AMOT TSS 	
 hsa-mir-433 	MI0001723	Chr14: 101348223 [+]	Intergenic	101316112(32111) 	Cluster 18... 
 hsa-mir-4330 	MI0015902	ChrX: 150336694 [+]	Intergenic	N/A 	
 hsa-mir-448 	MI0001637	ChrX: 114058017 [+]	intron	defined by HTR2C TSS 	Cluster 17... 
 hsa-mir-449a 	MI0001648	Chr5: 54466450 [-]	intron	defined by CDC20B TSS 	Cluster 64... 
 hsa-mir-449b 	MI0003673	Chr5: 54466570 [-]	intron	defined by CDC20B TSS 	Cluster 64... 
 hsa-mir-449c 	MI0003823	Chr5: 54468181 [-]	intron	defined by CDC20B TSS 	Cluster 64... 
 hsa-mir-450a-1 	MI0001652	ChrX: 133674461 [-]	Intergenic	133680810(6349) 	Cluster 63... 
 hsa-mir-450a-2 	MI0003187	ChrX: 133674637 [-]	Intergenic	133681808(7171) 	Cluster 63... 
 hsa-mir-450b 	MI0005531	ChrX: 133674292 [-]	Intergenic	133682737(8445) 	Cluster 63... 
 hsa-mir-451 	MI0001729	Chr17: 27188458 [-]	Intergenic	27220536(32078) 	Cluster 25... 
 hsa-mir-452 	MI0001733	ChrX: 151128184 [-]	intron,exon	defined by GABRE TSS 	Cluster 44... 
 hsa-mir-454 	MI0003820	Chr17: 57215233 [-]	intron	defined by SKA2 TSS 	Cluster 50... 
 hsa-mir-455 	MI0003513	Chr9: 116971714 [+]	intron	defined by COL27A1 TSS 	
 hsa-mir-466 	MI0014157	Chr3: 31203279 [-]	Intergenic	N/A 	
 hsa-mir-483 	MI0002467	Chr11: 2155439 [-]	intron	defined by IGF2,INS TSS 	
 hsa-mir-484 	MI0002468	Chr16: 15737151 [+]	3UTR	defined by NDE1 TSS 	
 hsa-mir-485 	MI0002469	Chr14: 101521756 [+]	Intergenic	101504783(16973) 	Cluster 12... 
 hsa-mir-486 	MI0002470	Chr8: 41518026 [-]	intron	defined by ANK1 TSS 	
 hsa-mir-487a 	MI0002471	Chr14: 101518783 [+]	Intergenic	101504783(14000) 	Cluster 12... 
 hsa-mir-487b 	MI0003530	Chr14: 101512792 [+]	Intergenic	101504783(8009) 	Cluster 12... 
 hsa-mir-488 	MI0003123	Chr1: 176998581 [-]	intron	defined by ASTN1 TSS 	
 hsa-mir-489 	MI0003124	Chr7: 93113331 [-]	intron	defined by CALCR TSS 	Cluster 65... 
 hsa-mir-490 	MI0003125	Chr7: 136587914 [+]	intron	defined by AC009264.1,CHRM2 TSS 	
 hsa-mir-491 	MI0003126	Chr9: 20716104 [+]	intron	defined by KIAA1797 TSS 	
 hsa-mir-492 	MI0003131	Chr12: 95228174 [+]	3UTR	defined by AC117494.1 TSS 	
 hsa-mir-493 	MI0003132	Chr14: 101335397 [+]	Intergenic	101314819(20578) 	Cluster 18... 
 hsa-mir-494 	MI0003134	Chr14: 101495971 [+]	Intergenic	101457982(37989) 	Cluster 12... 
 hsa-mir-495 	MI0003135	Chr14: 101500092 [+]	Intergenic	101457982(42110) 	Cluster 12... 
 hsa-mir-496 	MI0003136	Chr14: 101526910 [+]	Intergenic	101504783(22127) 	Cluster 12... 
 hsa-mir-497 	MI0003138	Chr17: 6921341 [-]	intron	defined by AC027763.1 TSS 	Cluster 39... 
 hsa-mir-498 	MI0003142	Chr19: 54177451 [+]	Intergenic	54172186(5265) 	Cluster 19... 
 hsa-mir-499 	MI0003183	Chr20: 33578179 [+]	intron	defined by MYH7B TSS 	
 hsa-mir-500 	MI0003184	ChrX: 49773039 [+]	intron	defined by CLCN5 TSS 	Cluster 34... 
 hsa-mir-500b 	MI0015903	ChrX: 49775280 [+]	intron	defined by CLCN5 TSS 	Cluster 34... 
 hsa-mir-501 	MI0003185	ChrX: 49774330 [+]	intron	defined by CLCN5 TSS 	Cluster 34... 
 hsa-mir-502 	MI0003186	ChrX: 49779206 [+]	intron	defined by CLCN5 TSS 	Cluster 34... 
 hsa-mir-503 	MI0003188	ChrX: 133680428 [-]	intron	defined by AC004383.3 TSS 	Cluster 63... 
 hsa-mir-504 	MI0003189	ChrX: 137749954 [-]	intron	defined by FGF13 TSS 	
 hsa-mir-505 	MI0003190	ChrX: 139006390 [-]	intron	defined by ATP11C TSS 	
 hsa-mir-506 	MI0003193	ChrX: 146312361 [-]	Intergenic	146314685(2324) 	Cluster 66... 
 hsa-mir-507 	MI0003194	ChrX: 146312595 [-]	Intergenic	146314685(2090) 	Cluster 66... 
 hsa-mir-508 	MI0003195	ChrX: 146318545 [-]	Intergenic	146351035(32490) 	Cluster 66... 
 hsa-mir-509-1 	MI0003196	ChrX: 146342143 [-]	Intergenic	146390339(48196) 	Cluster 66... 
 hsa-mir-509-2 	MI0005530	ChrX: 146340368 [-]	Intergenic	146390339(49971) 	Cluster 66... 
 hsa-mir-509-3 	MI0005717	ChrX: 146341244 [-]	Intergenic	146390339(49095) 	Cluster 66... 
 hsa-mir-510 	MI0003197	ChrX: 146353926 [-]	Intergenic	146390339(36413) 	Cluster 66... 
 hsa-mir-511-1 	MI0003127	Chr10: 17887107 [+]	intron	defined by MRC1L1 TSS 	
 hsa-mir-511-2 	MI0003128	Chr10: 18134036 [+]	intron	defined by MRC1 TSS 	
 hsa-mir-512-1 	MI0003140	Chr19: 54169933 [+]	Intergenic	54120041(49892) 	Cluster 19... 
 hsa-mir-512-2 	MI0003141	Chr19: 54172411 [+]	Intergenic	54172186(225) 	Cluster 19... 
 hsa-mir-513a-1 	MI0003191	ChrX: 146295109 [-]	Intergenic	146314685(19576) 	Cluster 66... 
 hsa-mir-513a-2 	MI0003192	ChrX: 146307470 [-]	Intergenic	146314685(7215) 	Cluster 66... 
 hsa-mir-513b 	MI0006648	ChrX: 146280645 [-]	Intergenic	146314685(34040) 	Cluster 66... 
 hsa-mir-513c 	MI0006649	ChrX: 146271305 [-]	Intergenic	146314685(43380) 	Cluster 66... 
 hsa-mir-514-1 	MI0003198	ChrX: 146360862 [-]	Intergenic	146390339(29477) 	Cluster 66... 
 hsa-mir-514-2 	MI0003199	ChrX: 146363548 [-]	Intergenic	146390339(26791) 	Cluster 66... 
 hsa-mir-514-3 	MI0003200	ChrX: 146366246 [-]	Intergenic	146390339(24093) 	Cluster 66... 
 hsa-mir-514b 	MI0014251	ChrX: 146331748 [-]	Intergenic	146351035(19287) 	Cluster 66... 
 hsa-mir-515-1 	MI0003144	Chr19: 54182257 [+]	Intergenic	54172186(10071) 	Cluster 19... 
 hsa-mir-515-2 	MI0003147	Chr19: 54188263 [+]	Intergenic	54172186(16077) 	Cluster 19... 
 hsa-mir-516a-1 	MI0003180	Chr19: 54259995 [+]	Intergenic	N/A 	Cluster 19... 
 hsa-mir-516a-2 	MI0003181	Chr19: 54264387 [+]	Intergenic	N/A 	Cluster 19... 
 hsa-mir-516b-1 	MI0003172	Chr19: 54240099 [+]	Intergenic	N/A 	Cluster 19... 
 hsa-mir-516b-2 	MI0003167	Chr19: 54228696 [+]	Intergenic	N/A 	Cluster 19... 
 hsa-mir-517a 	MI0003161	Chr19: 54215522 [+]	Intergenic	54172186(43336) 	Cluster 19... 
 hsa-mir-517b 	MI0003165	Chr19: 54224330 [+]	Intergenic	N/A 	Cluster 19... 
 hsa-mir-517c 	MI0003174	Chr19: 54244567 [+]	Intergenic	N/A 	Cluster 19... 
 hsa-mir-518a-1 	MI0003170	Chr19: 54234260 [+]	Intergenic	N/A 	Cluster 19... 
 hsa-mir-518a-2 	MI0003173	Chr19: 54242587 [+]	Intergenic	N/A 	Cluster 19... 
 hsa-mir-518b 	MI0003156	Chr19: 54205991 [+]	Intergenic	54172186(33805) 	Cluster 19... 
 hsa-mir-518c 	MI0003159	Chr19: 54211989 [+]	Intergenic	54172186(39803) 	Cluster 19... 
 hsa-mir-518d 	MI0003171	Chr19: 54238131 [+]	Intergenic	N/A 	Cluster 19... 
 hsa-mir-518e 	MI0003169	Chr19: 54233092 [+]	Intergenic	N/A 	Cluster 19... 
 hsa-mir-518f 	MI0003154	Chr19: 54203269 [+]	Intergenic	54172186(31083) 	Cluster 19... 
 hsa-mir-519a-1 	MI0003178	Chr19: 54255651 [+]	Intergenic	N/A 	Cluster 19... 
 hsa-mir-519a-2 	MI0003182	Chr19: 54265598 [+]	Intergenic	N/A 	Cluster 19... 
 hsa-mir-519b 	MI0003151	Chr19: 54198467 [+]	Intergenic	54172186(26281) 	Cluster 19... 
 hsa-mir-519c 	MI0003148	Chr19: 54189723 [+]	Intergenic	54172186(17537) 	Cluster 19... 
 hsa-mir-519d 	MI0003162	Chr19: 54216601 [+]	Intergenic	54172186(44415) 	Cluster 19... 
 hsa-mir-519e 	MI0003145	Chr19: 54183194 [+]	Intergenic	54172186(11008) 	Cluster 19... 
 hsa-mir-520a 	MI0003149	Chr19: 54194135 [+]	Intergenic	54172186(21949) 	Cluster 19... 
 hsa-mir-520b 	MI0003155	Chr19: 54204481 [+]	Intergenic	54172186(32295) 	Cluster 19... 
 hsa-mir-520c 	MI0003158	Chr19: 54210707 [+]	Intergenic	54172186(38521) 	Cluster 19... 
 hsa-mir-520d 	MI0003164	Chr19: 54223350 [+]	Intergenic	N/A 	Cluster 19... 
 hsa-mir-520e 	MI0003143	Chr19: 54178965 [+]	Intergenic	54172186(6779) 	Cluster 19... 
 hsa-mir-520f 	MI0003146	Chr19: 54185413 [+]	Intergenic	54172186(13227) 	Cluster 19... 
 hsa-mir-520g 	MI0003166	Chr19: 54225420 [+]	Intergenic	N/A 	Cluster 19... 
 hsa-mir-520h 	MI0003175	Chr19: 54245766 [+]	Intergenic	N/A 	Cluster 19... 
 hsa-mir-521-1 	MI0003176	Chr19: 54251890 [+]	Intergenic	N/A 	Cluster 19... 
 hsa-mir-521-2 	MI0003163	Chr19: 54219848 [+]	Intergenic	54172186(47662) 	Cluster 19... 
 hsa-mir-522 	MI0003177	Chr19: 54254465 [+]	Intergenic	N/A 	Cluster 19... 
 hsa-mir-523 	MI0003153	Chr19: 54201639 [+]	Intergenic	54172186(29453) 	Cluster 19... 
 hsa-mir-524 	MI0003160	Chr19: 54214256 [+]	Intergenic	54172186(42070) 	Cluster 19... 
 hsa-mir-525 	MI0003152	Chr19: 54200787 [+]	Intergenic	54172186(28601) 	Cluster 19... 
 hsa-mir-526a-1 	MI0003157	Chr19: 54209506 [+]	Intergenic	54172186(37320) 	Cluster 19... 
 hsa-mir-526a-2 	MI0003168	Chr19: 54230176 [+]	Intergenic	N/A 	Cluster 19... 
 hsa-mir-526b 	MI0003150	Chr19: 54197647 [+]	Intergenic	54172186(25461) 	Cluster 19... 
 hsa-mir-527 	MI0003179	Chr19: 54257272 [+]	Intergenic	N/A 	Cluster 19... 
 hsa-mir-532 	MI0003205	ChrX: 49767754 [+]	intron	defined by CLCN5 TSS 	Cluster 34... 
 hsa-mir-539 	MI0003514	Chr14: 101513658 [+]	Intergenic	101504783(8875) 	Cluster 12... 
 hsa-mir-541 	MI0005539	Chr14: 101530832 [+]	Intergenic	101491439(39393) 	Cluster 12... 
 hsa-mir-542 	MI0003686	ChrX: 133675467 [-]	Intergenic	133680810(5343) 	Cluster 63... 
 hsa-mir-543 	MI0005565	Chr14: 101498324 [+]	Intergenic	101491439(6885) 	Cluster 12... 
 hsa-mir-544 	MI0003515	Chr14: 101514995 [+]	Intergenic	101504783(10212) 	Cluster 12... 
 hsa-mir-544b 	MI0014159	Chr3: 124451286 [+]	intron	defined by UMPS TSS 	
 hsa-mir-545 	MI0003516	ChrX: 73507044 [-]	intron	defined by NCRNA00182 TSS 	Cluster 61... 
 hsa-mir-548a-1 	MI0003593	Chr6: 18572015 [+]	Intergenic	N/A 	
 hsa-mir-548a-2 	MI0003598	Chr6: 135560298 [+]	Intergenic	135523379(36919) 	
 hsa-mir-548a-3 	MI0003612	Chr8: 105496693 [-]	Intergenic	105498506(1813) 	
 hsa-mir-548b 	MI0003596	Chr6: 119390308 [-]	intron	defined by FAM184A TSS 	
 hsa-mir-548c 	MI0003630	Chr12: 65016289 [+]	intron	defined by RASSF3 TSS 	
 hsa-mir-548d-1 	MI0003668	Chr8: 124360370 [-]	intron	defined by ATAD2 TSS 	
 hsa-mir-548d-2 	MI0003671	Chr17: 65467701 [-]	Intergenic	65474627(6926) 	
 hsa-mir-548e 	MI0006344	Chr10: 112748684 [+]	intron	defined by SHOC2 TSS 	
 hsa-mir-548f-1 	MI0006374	Chr10: 56367717 [-]	intron	defined by PCDH15,RP11-257I14.1 TSS 	
 hsa-mir-548f-2 	MI0006375	Chr2: 213291084 [-]	intron	defined by ERBB4 TSS 	
 hsa-mir-548f-3 	MI0006376	Chr5: 109849616 [-]	intron	defined by TMEM232 TSS 	
 hsa-mir-548f-4 	MI0006377	Chr7: 147075213 [-]	Intergenic	N/A 	
 hsa-mir-548f-5 	MI0006378	ChrX: 32659676 [-]	intron	defined by DMD TSS 	
 hsa-mir-548g 	MI0006395	Chr4: 148265869 [-]	Intergenic	148280562(14693) 	
 hsa-mir-548h-1 	MI0006411	Chr14: 64561843 [-]	Intergenic	64586290(24447) 	
 hsa-mir-548h-2 	MI0006412	Chr16: 11400384 [-]	Intergenic	11438894(38510) 	
 hsa-mir-548h-3 	MI0006413	Chr17: 13446963 [-]	intron	defined by HS3ST3A1 TSS 	
 hsa-mir-548h-4 	MI0006414	Chr8: 26906480 [-]	Intergenic	N/A 	
 hsa-mir-548i-1 	MI0006421	Chr3: 125509395 [-]	Intergenic	N/A 	
 hsa-mir-548i-2 	MI0006422	Chr4: 9557937 [-]	Intergenic	9606553(48616) 	
 hsa-mir-548i-3 	MI0006423	Chr8: 7946611 [-]	Intergenic	N/A 	
 hsa-mir-548i-4 	MI0006424	ChrX: 83480836 [-]	Intergenic	83517181(36345) 	
 hsa-mir-548j 	MI0006345	Chr22: 26951289 [-]	intron	defined by TPST2 TSS 	
 hsa-mir-548k 	MI0006354	Chr11: 70130061 [+]	intron	defined by PPFIA1 TSS 	
 hsa-mir-548l 	MI0006361	Chr11: 94199746 [-]	intron	defined by MRE11A TSS 	
 hsa-mir-548m 	MI0006400	ChrX: 94318225 [-]	Intergenic	94342154(23929) 	
 hsa-mir-548n 	MI0006399	Chr7: 34980446 [-]	intron	defined by DPY19L1 TSS 	
 hsa-mir-548o 	MI0006402	Chr7: 102046302 [-]	Intergenic	102074066(27764) 	
 hsa-mir-548p 	MI0006420	Chr5: 100152269 [-]	intron	defined by ST8SIA4 TSS 	
 hsa-mir-548q 	MI0010637	Chr10: 12767352 [-]	Intergenic	12811010(43658) 	
 hsa-mir-548s 	MI0014141	Chr2: 11907570 [+]	intron	defined by LPIN1 TSS 	
 hsa-mir-548t 	MI0014164	Chr4: 174189311 [+]	intron	defined by GALNT7 TSS 	
 hsa-mir-548u 	MI0014168	Chr6: 57254930 [+]	intron	defined by PRIM2 TSS 	
 hsa-mir-548v 	MI0014174	Chr8: 17539166 [-]	intron	defined by MTUS1 TSS 	
 hsa-mir-548w 	MI0014222	Chr16: 26036558 [+]	intron	defined by HS3ST4 TSS 	
 hsa-mir-548x 	MI0014244	Chr21: 20058482 [-]	intron	defined by AL109763.1 TSS 	
 hsa-mir-549 	MI0003679	Chr15: 81134414 [-]	Intergenic	81160813(26399) 	
 hsa-mir-550-1 	MI0003600	Chr7: 30329410 [+]	intron	defined by ZNRF2 TSS 	
 hsa-mir-550-2 	MI0003601	Chr7: 32772593 [+]	intron	defined by AC018633.1,AVL9 TSS 	
 hsa-mir-551a 	MI0003556	Chr1: 3477354 [-]	intron	defined by MEGF6 TSS 	
 hsa-mir-551b 	MI0003575	Chr3: 168269642 [+]	intron	defined by C3orf50 TSS 	
 hsa-mir-552 	MI0003557	Chr1: 35135295 [-]	Intergenic	35150911(15616) 	
 hsa-mir-553 	MI0003558	Chr1: 100746797 [+]	intron	defined by RTCD1 TSS 	
 hsa-mir-554 	MI0003559	Chr1: 151518272 [+]	intron	defined by RP11-74C1.1,TUFT1 TSS 	
 hsa-mir-555 	MI0003561	Chr1: 155316236 [-]	intron	defined by ASH1L TSS 	
 hsa-mir-556 	MI0003562	Chr1: 162312336 [+]	intron	defined by NOS1AP TSS 	
 hsa-mir-557 	MI0003563	Chr1: 168344762 [+]	Intergenic	168338249(6513) 	
 hsa-mir-558 	MI0003564	Chr2: 32757220 [+]	intron	defined by BIRC6 TSS 	
 hsa-mir-559 	MI0003565	Chr2: 47604814 [+]	intron	defined by EPCAM TSS 	
 hsa-mir-561 	MI0003567	Chr2: 189162219 [+]	intron	defined by GULP1 TSS 	
 hsa-mir-562 	MI0003568	Chr2: 233037363 [+]	intron	defined by DIS3L2 TSS 	
 hsa-mir-563 	MI0003569	Chr3: 15915278 [+]	Intergenic	15901463(13815) 	
 hsa-mir-564 	MI0003570	Chr3: 44903380 [+]	intron,exon,3UTR	defined by KIF15,TMEM42 TSS 	
 hsa-mir-566 	MI0003572	Chr3: 50210759 [+]	intron	defined by SEMA3F TSS 	
 hsa-mir-567 	MI0003573	Chr3: 111831648 [+]	intron	defined by C3orf52 TSS 	
 hsa-mir-568 	MI0003574	Chr3: 114035416 [-]	Intergenic	114052542(17126) 	
 hsa-mir-569 	MI0003576	Chr3: 170824548 [-]	intron	defined by TNIK TSS 	
 hsa-mir-570 	MI0003577	Chr3: 195426272 [+]	intron	defined by AC069513.1 TSS 	
 hsa-mir-571 	MI0003578	Chr4: 343946 [+]	intron	defined by ZNF141,ZNF732 TSS 	
 hsa-mir-572 	MI0003579	Chr4: 11370451 [+]	Intergenic	11370225(226) 	
 hsa-mir-573 	MI0003580	Chr4: 24521913 [-]	Intergenic	24548690(26777) 	
 hsa-mir-574 	MI0003581	Chr4: 38869653 [+]	intron	defined by FAM114A1 TSS 	
 hsa-mir-575 	MI0003582	Chr4: 83674583 [-]	intron	defined by SCD5 TSS 	
 hsa-mir-576 	MI0003583	Chr4: 110409854 [+]	intron	defined by SEC24B TSS 	
 hsa-mir-577 	MI0003584	Chr4: 115577915 [+]	intron	defined by UGT8 TSS 	
 hsa-mir-578 	MI0003585	Chr4: 166307394 [+]	intron	defined by CPE TSS 	
 hsa-mir-579 	MI0003586	Chr5: 32394581 [-]	intron	defined by ZFR TSS 	
 hsa-mir-580 	MI0003587	Chr5: 36148090 [-]	intron	defined by LMBRD2 TSS 	
 hsa-mir-581 	MI0003588	Chr5: 53247429 [-]	intron	defined by ARL15 TSS 	
 hsa-mir-582 	MI0003589	Chr5: 58999529 [-]	intron	defined by PDE4D TSS 	
 hsa-mir-583 	MI0003590	Chr5: 95414842 [+]	Intergenic	95374210(40632) 	
 hsa-mir-584 	MI0003591	Chr5: 148441972 [-]	intron	defined by SH3TC2 TSS 	
 hsa-mir-585 	MI0003592	Chr5: 168690698 [-]	intron	defined by SLIT3 TSS 	
 hsa-mir-586 	MI0003594	Chr6: 45165507 [-]	intron	defined by SUPT3H TSS 	
 hsa-mir-587 	MI0003595	Chr6: 107232000 [+]	Intergenic	107194425(37575) 	
 hsa-mir-588 	MI0003597	Chr6: 126805777 [+]	Intergenic	N/A 	
 hsa-mir-589 	MI0003599	Chr7: 5535548 [-]	intron	defined by FBXL18 TSS 	
 hsa-mir-590 	MI0003602	Chr7: 73605528 [+]	intron	defined by EIF4H TSS 	
 hsa-mir-591 	MI0003603	Chr7: 95849068 [-]	intron	defined by SLC25A13 TSS 	
 hsa-mir-592 	MI0003604	Chr7: 126698238 [-]	intron	defined by GRM8 TSS 	
 hsa-mir-593 	MI0003605	Chr7: 127721913 [+]	intron	defined by SND1 TSS 	
 hsa-mir-595 	MI0003607	Chr7: 158325505 [-]	intron	defined by PTPRN2 TSS 	
 hsa-mir-596 	MI0003608	Chr8: 1765397 [+]	Intergenic	1765179(218) 	
 hsa-mir-597 	MI0003609	Chr8: 9599182 [+]	intron	defined by TNKS TSS 	
 hsa-mir-598 	MI0003610	Chr8: 10892812 [-]	intron	defined by XKR6 TSS 	
 hsa-mir-599 	MI0003611	Chr8: 100548958 [-]	Intergenic	N/A 	Cluster 67... 
 hsa-mir-600 	MI0003613	Chr9: 125873922 [-]	5UTR,intron	defined by C9orf45,STRBP TSS 	
 hsa-mir-601 	MI0003614	Chr9: 126164882 [-]	intron	defined by DENND1A TSS 	
 hsa-mir-602 	MI0003615	Chr9: 140732871 [+]	intron	defined by EHMT1 TSS 	
 hsa-mir-603 	MI0003616	Chr10: 24564614 [+]	intron	defined by KIAA1217 TSS 	
 hsa-mir-604 	MI0003617	Chr10: 29834026 [-]	intron	defined by SVIL TSS 	
 hsa-mir-605 	MI0003618	Chr10: 53059333 [+]	intron	defined by PRKG1 TSS 	
 hsa-mir-606 	MI0003619	Chr10: 77312216 [+]	intron	defined by C10orf11 TSS 	
 hsa-mir-607 	MI0003620	Chr10: 98588521 [-]	Intergenic	98592266(3745) 	
 hsa-mir-608 	MI0003621	Chr10: 102734742 [+]	intron	defined by SEMA4G TSS 	
 hsa-mir-609 	MI0003622	Chr10: 105978641 [-]	intron	defined by C10orf79 TSS 	
 hsa-mir-610 	MI0003623	Chr11: 28078362 [+]	Intergenic	28041088(37274) 	
 hsa-mir-611 	MI0003624	Chr11: 61560033 [-]	intron	defined by C11orf10 TSS 	
 hsa-mir-612 	MI0003625	Chr11: 65211929 [+]	Intergenic	65195497(16432) 	
 hsa-mir-613 	MI0003626	Chr12: 12917583 [+]	intron	defined by APOLD1 TSS 	
 hsa-mir-614 	MI0003627	Chr12: 13068763 [+]	Intergenic	13025338(43425) 	
 hsa-mir-615 	MI0003628	Chr12: 54427734 [+]	intron	defined by HOXC4,HOXC5 TSS 	
 hsa-mir-616 	MI0003629	Chr12: 57913042 [-]	intron	defined by DDIT3 TSS 	
 hsa-mir-617 	MI0003631	Chr12: 81226408 [-]	intron	defined by LIN7A TSS 	
 hsa-mir-618 	MI0003632	Chr12: 81329612 [-]	intron	defined by LIN7A TSS 	
 hsa-mir-619 	MI0003633	Chr12: 109230782 [-]	intron	defined by SSH1 TSS 	
 hsa-mir-620 	MI0003634	Chr12: 116586459 [-]	intron	defined by MED13L TSS 	
 hsa-mir-621 	MI0003635	Chr13: 41384902 [+]	intron	defined by SLC25A15 TSS 	
 hsa-mir-622 	MI0003636	Chr13: 90883436 [+]	exon	defined by RP11-392A19.1 TSS 	
 hsa-mir-623 	MI0003637	Chr13: 100008385 [+]	intron	defined by UBAC2 TSS 	
 hsa-mir-624 	MI0003638	Chr14: 31483948 [-]	intron	defined by STRN3 TSS 	
 hsa-mir-625 	MI0003639	Chr14: 65937820 [+]	intron	defined by FUT8 TSS 	
 hsa-mir-626 	MI0003640	Chr15: 41983783 [+]	intron	defined by AC073657.2 TSS 	
 hsa-mir-627 	MI0003641	Chr15: 42491864 [-]	intron	defined by VPS39 TSS 	
 hsa-mir-628 	MI0003642	Chr15: 55665232 [-]	intron	defined by CCPG1 TSS 	
 hsa-mir-629 	MI0003643	Chr15: 70371807 [-]	intron	defined by TLE3 TSS 	
 hsa-mir-630 	MI0003644	Chr15: 72879558 [+]	exon	defined by ARIH1 TSS 	
 hsa-mir-631 	MI0003645	Chr15: 75646026 [-]	Intergenic	75661327(15301) 	
 hsa-mir-632 	MI0003647	Chr17: 30677128 [+]	3UTR	defined by ZNF207 TSS 	
 hsa-mir-633 	MI0003648	Chr17: 61021576 [+]	Intergenic	60998963(22613) 	
 hsa-mir-634 	MI0003649	Chr17: 64783190 [+]	intron	defined by PRKCA TSS 	
 hsa-mir-635 	MI0003650	Chr17: 66420689 [-]	intron	defined by WIPI1 TSS 	
 hsa-mir-636 	MI0003651	Chr17: 74732630 [-]	intron,exon	defined by SFRS2 TSS 	
 hsa-mir-637 	MI0003652	Chr19: 3961510 [-]	intron	defined by DAPK3 TSS 	
 hsa-mir-638 	MI0003653	Chr19: 10829080 [+]	intron	defined by DNM2 TSS 	
 hsa-mir-639 	MI0003654	Chr19: 14640355 [+]	3UTR	defined by TECR TSS 	
 hsa-mir-640 	MI0003655	Chr19: 19545872 [+]	intron	defined by GATAD2A TSS 	
 hsa-mir-641 	MI0003656	Chr19: 40788548 [-]	intron	defined by AKT2 TSS 	
 hsa-mir-642 	MI0003657	Chr19: 46178186 [+]	intron	defined by GIPR TSS 	
 hsa-mir-643 	MI0003658	Chr19: 52785050 [+]	intron	defined by ZNF766 TSS 	
 hsa-mir-644 	MI0003659	Chr20: 33054130 [+]	intron	defined by ITCH TSS 	
 hsa-mir-645 	MI0003660	Chr20: 49202323 [+]	Intergenic	49191761(10562) 	
 hsa-mir-646 	MI0003661	Chr20: 58883532 [+]	intron	defined by RP5-1043L13.1 TSS 	
 hsa-mir-647 	MI0003662	Chr20: 62574079 [-]	intron	defined by UCKL1 TSS 	Cluster 36... 
 hsa-mir-648 	MI0003663	Chr22: 18463727 [-]	intron	defined by MICAL3,XXbac-B461K10.1 TSS 	
 hsa-mir-649 	MI0003664	Chr22: 21388561 [-]	intron	defined by AC002472.3,TOP3B TSS 	
 hsa-mir-650 	MI0003665	Chr22: 23165270 [+]	intron,3UTR	defined by IGLV2-8,SC-9C5.1 TSS 	
 hsa-mir-651 	MI0003666	ChrX: 8095006 [+]	Intergenic	N/A 	
 hsa-mir-652 	MI0003667	ChrX: 109298557 [+]	intron	defined by TMEM164 TSS 	
 hsa-mir-653 	MI0003674	Chr7: 93112167 [-]	intron	defined by CALCR TSS 	Cluster 65... 
 hsa-mir-654 	MI0003676	Chr14: 101506556 [+]	Intergenic	101504783(1773) 	Cluster 12... 
 hsa-mir-655 	MI0003677	Chr14: 101515887 [+]	Intergenic	101504783(11104) 	Cluster 12... 
 hsa-mir-656 	MI0003678	Chr14: 101533061 [+]	Intergenic	101504783(28278) 	Cluster 12... 
 hsa-mir-657 	MI0003681	Chr17: 79099173 [-]	intron	defined by AATK TSS 	Cluster 16... 
 hsa-mir-658 	MI0003682	Chr22: 38240378 [-]	5UTR	defined by ANKRD54 TSS 	
 hsa-mir-659 	MI0003683	Chr22: 38243781 [-]	Intergenic	38273766(29985) 	
 hsa-mir-660 	MI0003684	ChrX: 49777849 [+]	intron	defined by CLCN5 TSS 	Cluster 34... 
 hsa-mir-661 	MI0003669	Chr8: 145019447 [-]	intron	defined by PLEC1 TSS 	
 hsa-mir-662 	MI0003670	Chr16: 820183 [+]	Intergenic	810902(9281) 	
 hsa-mir-663 	MI0003672	Chr20: 26188914 [-]	intron	defined by RP3-410C9.2 TSS 	
 hsa-mir-663b 	MI0006336	Chr2: 133014653 [-]	intron	defined by NCRNA00164 TSS 	
 hsa-mir-664 	MI0006442	Chr1: 220373961 [-]	intron	defined by RAB3GAP2 TSS 	
 hsa-mir-665 	MI0005563	Chr14: 101341370 [+]	Intergenic	101317552(23818) 	Cluster 18... 
 hsa-mir-668 	MI0003761	Chr14: 101521595 [+]	Intergenic	101504783(16812) 	Cluster 12... 
 hsa-mir-670 	MI0003933	Chr11: 43581206 [+]	intron	defined by AC023085.2 TSS 	
 hsa-mir-671 	MI0003760	Chr7: 150935507 [+]	3UTR,intron	defined by CSGLCA-T TSS 	
 hsa-mir-675 	MI0005416	Chr11: 2018061 [-]	exon,intron	defined by H19 TSS 	
 hsa-mir-7-1 	MI0000263	Chr9: 86584772 [-]	intron,exon	defined by HNRNPK TSS 	
 hsa-mir-7-2 	MI0000264	Chr15: 89155056 [+]	Intergenic	N/A 	Cluster 11... 
 hsa-mir-7-3 	MI0000265	Chr19: 4770682 [+]	intron	defined by C19orf30 TSS 	
 hsa-mir-708 	MI0005543	Chr11: 79113153 [-]	intron	defined by ODZ4 TSS 	
 hsa-mir-711 	MI0012488	Chr3: 48616410 [-]	intron	defined by COL7A1 TSS 	
 hsa-mir-718 	MI0012489	ChrX: 153285440 [-]	5UTR	defined by IRAK1 TSS 	
 hsa-mir-720 	MI0006654	Chr3: 164059129 [+]	Intergenic	N/A 	
 hsa-mir-744 	MI0005559	Chr17: 11985216 [+]	intron	defined by MAP2K4 TSS 	
 hsa-mir-758 	MI0003757	Chr14: 101492357 [+]	Intergenic	101457982(34375) 	Cluster 12... 
 hsa-mir-759 	MI0004065	Chr13: 53384185 [+]	Intergenic	53365045(19140) 	
 hsa-mir-760 	MI0005567	Chr1: 94312388 [+]	Intergenic	94292348(20040) 	
 hsa-mir-761 	MI0003941	Chr1: 52302074 [-]	intron	defined by NRD1 TSS 	
 hsa-mir-762 	MI0003892	Chr16: 30905224 [+]	intron	defined by BCL7C,CTF1 TSS 	
 hsa-mir-764 	MI0003944	ChrX: 113873918 [+]	intron	defined by HTR2C TSS 	Cluster 17... 
 hsa-mir-765 	MI0005116	Chr1: 156906036 [-]	intron	defined by ARHGEF11 TSS 	
 hsa-mir-766 	MI0003836	ChrX: 118780811 [-]	intron	defined by SEPT6 TSS 	
 hsa-mir-767 	MI0003763	ChrX: 151562001 [-]	intron	defined by GABRA3 TSS 	Cluster 7... 
 hsa-mir-769 	MI0003834	Chr19: 46522190 [+]	Intergenic	46499551(22639) 	
 hsa-mir-770 	MI0005118	Chr14: 101318727 [+]	intron	defined by MEG3 TSS 	
 hsa-mir-802 	MI0003906	Chr21: 37093013 [+]	Intergenic	37077286(15727) 	
 hsa-mir-873 	MI0005564	Chr9: 28888953 [-]	Intergenic	N/A 	Cluster 68... 
 hsa-mir-874 	MI0005532	Chr5: 136983338 [-]	intron	defined by KLHL3 TSS 	
 hsa-mir-875 	MI0005541	Chr8: 100549089 [-]	Intergenic	N/A 	Cluster 67... 
 hsa-mir-876 	MI0005542	Chr9: 28863704 [-]	Intergenic	N/A 	Cluster 68... 
 hsa-mir-877 	MI0005561	Chr6: 30552109 [+]	intron	defined by ABCF1 TSS 	
 hsa-mir-885 	MI0005560	Chr3: 10436246 [-]	intron	defined by ATP2B2 TSS 	
 hsa-mir-886 	MI0005527	Chr5: 135416297 [-]	Intergenic	N/A 	
 hsa-mir-887 	MI0005562	Chr5: 15935291 [+]	intron	defined by FBXL7 TSS 	
 hsa-mir-888 	MI0005537	ChrX: 145076378 [-]	Intergenic	N/A 	Cluster 69... 
 hsa-mir-889 	MI0005540	Chr14: 101514238 [+]	Intergenic	101491439(22799) 	Cluster 12... 
 hsa-mir-890 	MI0005533	ChrX: 145075869 [-]	Intergenic	N/A 	Cluster 69... 
 hsa-mir-891a 	MI0005524	ChrX: 145109390 [-]	Intergenic	N/A 	Cluster 69... 
 hsa-mir-891b 	MI0005534	ChrX: 145082649 [-]	Intergenic	N/A 	Cluster 69... 
 hsa-mir-892a 	MI0005528	ChrX: 145078261 [-]	Intergenic	N/A 	Cluster 69... 
 hsa-mir-892b 	MI0005538	ChrX: 145078792 [-]	Intergenic	145078831(39) 	Cluster 69... 
 hsa-mir-9-1 	MI0000466	Chr1: 156390221 [-]	intron	defined by C1orf61 TSS 	
 hsa-mir-9-2 	MI0000467	Chr5: 87962757 [-]	Intergenic	87980642(17885) 	
 hsa-mir-9-3 	MI0000468	Chr15: 89911248 [+]	Intergenic	89905739(5509) 	
 hsa-mir-920 	MI0005712	Chr12: 24365355 [+]	Intergenic	24338975(26380) 	
 hsa-mir-921 	MI0005713	Chr1: 166124035 [-]	intron	defined by FAM78B,RP11-9L18.1 TSS 	
 hsa-mir-922 	MI0005714	Chr3: 197401447 [-]	3UTR	defined by KIAA0226 TSS 	
 hsa-mir-924 	MI0005716	Chr18: 37202139 [-]	Intergenic	37204994(2855) 	
 hsa-mir-92a-1 	MI0000093	Chr13: 92003568 [+]	intron,exon	defined by MIRHG1 TSS 	Cluster 29... 
 hsa-mir-92a-2 	MI0000094	ChrX: 133303642 [-]	Intergenic	133307920(4278) 	Cluster 8... 
 hsa-mir-92b 	MI0003560	Chr1: 155164968 [+]	Intergenic	155164787(181) 	
 hsa-mir-93 	MI0000095	Chr7: 99691470 [-]	intron	defined by MCM7 TSS 	Cluster 9... 
 hsa-mir-933 	MI0005755	Chr2: 176032437 [-]	intron	defined by ATF2 TSS 	
 hsa-mir-934 	MI0005756	ChrX: 135633037 [+]	intron	defined by VGLL1 TSS 	
 hsa-mir-935 	MI0005757	Chr19: 54485561 [+]	3UTR	defined by CACNG8 TSS 	
 hsa-mir-936 	MI0005758	Chr10: 105807944 [-]	exon	defined by COL17A1 TSS 	
 hsa-mir-937 	MI0005759	Chr8: 144895212 [-]	exon	defined by SCRIB TSS 	
 hsa-mir-938 	MI0005760	Chr10: 29891275 [-]	intron	defined by SVIL TSS 	
 hsa-mir-939 	MI0005761	Chr8: 145619445 [-]	exon	defined by CPSF1 TSS 	Cluster 15... 
 hsa-mir-940 	MI0005762	Chr16: 2321748 [+]	Intergenic	2318482(3266) 	
 hsa-mir-941-1 	MI0005763	Chr20: 62550794 [+]	intron	defined by DNAJC5 TSS 	Cluster 70... 
 hsa-mir-941-2 	MI0005764	Chr20: 62551101 [+]	intron	defined by DNAJC5 TSS 	Cluster 70... 
 hsa-mir-941-3 	MI0005765	Chr20: 62551213 [+]	intron	defined by DNAJC5 TSS 	Cluster 70... 
 hsa-mir-942 	MI0005767	Chr1: 117637265 [+]	intron	defined by TTF2 TSS 	
 hsa-mir-943 	MI0005768	Chr4: 1988204 [-]	exon,3UTR	defined by WHSC2 TSS 	
 hsa-mir-944 	MI0005769	Chr3: 189547711 [+]	intron	defined by TP63 TSS 	
 hsa-mir-95 	MI0000097	Chr4: 8007108 [-]	intron	defined by ABLIM2 TSS 	
 hsa-mir-96 	MI0000098	Chr7: 129414609 [-]	Intergenic	129420061(5452) 	Cluster 33... 
 hsa-mir-98 	MI0000100	ChrX: 53583302 [-]	intron	defined by HUWE1 TSS 	Cluster 6... 
 hsa-mir-99a 	MI0000101	Chr21: 17911409 [+]	intron	defined by C21orf34 TSS 	Cluster 4... 
 hsa-mir-99b 	MI0000746	Chr19: 52195865 [+]	Intergenic	52191897(3968) 	Cluster 5...
